num_training_step_calls_per_iteration,num_env_steps_sampled_lifetime,num_env_steps_sampled_lifetime_throughput,done,training_iteration,trial_id,date,timestamp,time_this_iter_s,time_total_s,pid,hostname,node_ip,time_since_restore,iterations_since_restore,timers/training_iteration,timers/restore_env_runners,timers/training_step,timers/env_runner_sampling_timer,timers/learner_update_timer,timers/synch_weights,env_runners/episode_duration_sec_mean,env_runners/num_episodes,env_runners/episode_len_min,env_runners/time_between_sampling,env_runners/episode_len_mean,env_runners/env_step_timer,env_runners/num_episodes_lifetime,env_runners/episode_return_mean,env_runners/weights_seq_no,env_runners/num_env_steps_sampled_lifetime,env_runners/env_reset_timer,env_runners/sample,env_runners/env_to_module_sum_episodes_length_out,env_runners/env_to_module_sum_episodes_length_in,env_runners/episode_len_max,env_runners/rlmodule_inference_timer,env_runners/num_env_steps_sampled,env_runners/episode_return_max,env_runners/episode_return_min,env_runners/num_env_steps_sampled_lifetime_throughput,fault_tolerance/num_healthy_workers,fault_tolerance/num_remote_worker_restarts,env_runner_group/actor_manager_num_outstanding_async_reqs,perf/cpu_util_percent,perf/ram_util_percent,env_runners/num_module_steps_sampled/default_policy,env_runners/module_to_env_connector/connector_pipeline_timer,env_runners/env_to_module_connector/connector_pipeline_timer,env_runners/agent_episode_returns_mean/default_agent,env_runners/num_module_steps_sampled_lifetime/default_policy,env_runners/num_agent_steps_sampled/default_agent,env_runners/num_agent_steps_sampled_lifetime/default_agent,env_runners/module_episode_returns_mean/default_policy,learners/default_policy/vf_explained_var,learners/default_policy/gradients_default_optimizer_global_norm,learners/default_policy/mean_kl_loss,learners/default_policy/vf_loss_unclipped,learners/default_policy/module_train_batch_size_mean,learners/default_policy/vf_loss,learners/default_policy/default_optimizer_learning_rate,learners/default_policy/diff_num_grad_updates_vs_sampler_policy,learners/default_policy/entropy,learners/default_policy/num_module_steps_trained,learners/default_policy/num_trainable_parameters,learners/default_policy/weights_seq_no,learners/default_policy/policy_loss,learners/default_policy/total_loss,learners/default_policy/curr_entropy_coeff,learners/default_policy/num_module_steps_trained_lifetime,learners/default_policy/curr_kl_coeff,learners/__all_modules__/num_env_steps_trained,learners/__all_modules__/num_module_steps_trained_lifetime,learners/__all_modules__/learner_connector_sum_episodes_length_out,learners/__all_modules__/num_non_trainable_parameters,learners/__all_modules__/learner_connector_sum_episodes_length_in,learners/__all_modules__/num_module_steps_trained,learners/__all_modules__/num_trainable_parameters,learners/__all_modules__/num_env_steps_trained_lifetime,learners/__all_modules__/num_env_steps_trained_lifetime_throughput,learners/__all_modules__/learner_connector/connector_pipeline_timer,env_runners/module_to_env_connector/timers/connectors/normalize_and_clip_actions,env_runners/module_to_env_connector/timers/connectors/get_actions,env_runners/module_to_env_connector/timers/connectors/un_batch_to_individual_items,env_runners/module_to_env_connector/timers/connectors/remove_single_ts_time_rank_from_batch,env_runners/module_to_env_connector/timers/connectors/listify_data_for_vector_env,env_runners/module_to_env_connector/timers/connectors/tensor_to_numpy,env_runners/env_to_module_connector/timers/connectors/batch_individual_items,env_runners/env_to_module_connector/timers/connectors/add_time_dim_to_batch_and_zero_pad,env_runners/env_to_module_connector/timers/connectors/numpy_to_tensor,env_runners/env_to_module_connector/timers/connectors/add_observations_from_episodes_to_batch,env_runners/env_to_module_connector/timers/connectors/add_states_from_episodes_to_batch,learners/__all_modules__/learner_connector/timers/connectors/add_time_dim_to_batch_and_zero_pad,learners/__all_modules__/learner_connector/timers/connectors/numpy_to_tensor,learners/__all_modules__/learner_connector/timers/connectors/add_observations_from_episodes_to_batch,learners/__all_modules__/learner_connector/timers/connectors/add_states_from_episodes_to_batch,learners/__all_modules__/learner_connector/timers/connectors/batch_individual_items,learners/__all_modules__/learner_connector/timers/connectors/general_advantage_estimation,learners/__all_modules__/learner_connector/timers/connectors/add_columns_from_episodes_to_train_batch,learners/__all_modules__/learner_connector/timers/connectors/add_one_ts_to_episodes_and_truncate
1,4096,nan,False,1,40149_00000,2025-05-17_14-53-36,1747461216,4.261927604675293,4.261927604675293,1464251,localhost.localdomain,10.139.239.36,4.261927604675293,1,4.257459065061994,2.2521940991282463e-05,4.257308474043384,0.5095357539830729,3.7397469360148534,0.001681059948168695,0.0012250686377228703,1299,1,0.14340727852214574,3.5,2.9042612316015143e-05,1299,50.95625,0.0,4096,0.00013909503468312323,0.08149582208434543,2.2317907686669454,2.2317907686669454,12,7.320945949695617e-05,4096,52.6,49.0,nan,8,0,0,9.442857142857141,14.828571428571427,4096,0.00024038606703873205,6.679631676439517e-05,50.95625,4096,4096,4096,50.95625,3.5762787e-07,1.8693265,0.016363988,2164.464,128.0,9.726834,0.0003,1.0,1.093401,162560,134148,1.0,-0.6014745,9.128633,0.0,162560,0.20000000298023224,6879590,162560,5417,0,4096,162560,134148,6879590,nan,0.14213838800787926,2.279741058424357e-05,0.00011193846392201097,9.439304806091073e-06,1.0152191293624057e-06,1.6073289365000646e-05,4.3030489016023265e-05,9.567418199465055e-06,3.5144384535158264e-06,1.9742811293034528e-05,4.6998116026252075e-06,1.960377326976352e-06,1.7864047549664974e-05,0.0001680139685049653,0.005963620962575078,5.570007488131523e-06,0.030488490010611713,0.01779086806345731,0.04677207209169865,0.0404281800147146
1,8192,920.9799559795298,False,2,40149_00000,2025-05-17_14-53-40,1747461220,4.439693450927734,8.701621055603027,1464251,localhost.localdomain,10.139.239.36,8.701621055603027,2,4.259233127431944,2.2406531497836115e-05,4.259082130352035,0.5101924773934298,3.740844584584702,0.0016804774675983937,0.0010181138168263715,1597,1,0.15276779245411234,2.78125,2.7798542869092534e-05,2896,50.85000000000001,1.0,8192,0.00013909503468312323,0.08139564630766172,2.136528449738309,2.136528449738309,13,6.920996899089056e-05,4096,51.8,49.2,920.9799559795298,8,0,0,11.0,14.9,4096,0.00022637894723603826,6.383202913604259e-05,50.85000000000001,8192,4096,8192,50.85000000000001,2.3841858e-07,1.9148749,0.022230826,2153.5247,128.0,9.881627,0.0003,1.0,1.0897272,171264,134148.0,2.0,-0.6204206,9.265654,0.0,333824,0.30000001192092896,7635966,333824,5417.0289999999995,0.0,4096.0,171264,134148.0,14515556,0.0,0.14214003875897033,2.0548011977729003e-05,0.0001052771945834981,9.340550588713292e-06,1.0052004199916554e-06,1.5877951360407137e-05,3.8983246591005146e-05,9.262638258475938e-06,3.375085616707831e-06,1.911096649287218e-05,4.510414171460007e-06,1.9257363026305913e-06,1.786445224424824e-05,0.0001680116762057878,0.005963706268975511,5.569898278918117e-06,0.030488891818211416,0.01779102167445235,0.04677236919468269,0.04042891962541034
1,12288,848.4733124877299,False,3,40149_00000,2025-05-17_14-53-45,1747461225,4.820086717605591,13.521707773208618,1464251,localhost.localdomain,10.139.239.36,13.521707773208618,3,4.2647972450583245,2.225390560925007e-05,4.26464624631838,0.5106687176493695,3.7458861595585247,0.0016813707531779074,0.0006091088434914127,1941,1,0.16883030908361443,1.71875,2.6676890734837638e-05,4837,50.89999999999999,2.0,12288,0.00013909503468312323,0.08130016070581328,1.9473142346248442,1.9473142346248442,6,6.616042557917846e-05,4096,51.2,50.0,848.4733124877299,8,0,0,10.685714285714287,14.885714285714286,4096,0.00021533986505477233,6.1272146478566e-05,50.89999999999999,12288,4096,12288,50.89999999999999,-3.5762787e-07,0.7763156,0.009763807,2312.81,128.0,9.902832,0.0003,1.0,1.0657806,181760,134148.0,3.0,-0.7027074,9.203054,0.0,515584,0.30000001192092896,8598100,515584,5417.121219999999,0.0,4096.0,181760,134148.0,23113656,0.0,0.1421590193800421,1.8850780530341204e-05,0.00010013115551792237,9.215813305157883e-06,9.912890743493101e-07,1.564223022482138e-05,3.5918409553463447e-05,8.960300897609987e-06,3.2574695797559176e-06,1.855708062253649e-05,4.346626060394373e-06,1.8889251306136001e-06,1.7864677446661512e-05,0.00016800739194895137,0.005964073701548856,5.569617946399376e-06,0.03050351814445807,0.017791329543121622,0.046773467544605485,0.040431527518894284
1,16384,802.923275698711,False,4,40149_00000,2025-05-17_14-53-50,1747461230,5.093109369277954,18.614817142486572,1464251,localhost.localdomain,10.139.239.36,18.614817142486572,4,4.273041718788546,2.212684574350715e-05,4.272890454214564,0.5122573728639067,3.7524883606027517,0.001682262525050086,0.0006587708412553184,2164,1,0.19025721019110767,1.78125,2.615402402423804e-05,7001,50.95625,3.0,16384,0.00013909503468312323,0.08129278189082688,1.7558182517484355,1.7558182517484355,6,6.676376215637248e-05,4096,51.2,50.2,802.923275698711,8,0,0,11.4,14.799999999999999,4096,0.00021014018647091604,6.0524138610247377e-05,50.95625,16384,4096,16384,50.95625,-1.1920929e-07,0.9895582,0.01036492,2290.7578,128.0,9.890509,0.0003,1.0,1.0205508,188160,134148.0,4.0,-0.68545765,9.208161,0.0,703744,0.30000001192092896,9219840,703744,5417.297092699999,0.0,4096.0,188160,134148.0,32333496,0.0,0.14219735628631772,1.7823772505846064e-05,9.75558820798651e-05,9.266537553543674e-06,9.995808301663472e-07,1.5716709870232627e-05,3.4077963953913055e-05,8.951636588973648e-06,3.219441834999397e-06,1.8413878858992598e-05,4.296996991740101e-06,1.8963687711655948e-06,1.786462160652619e-05,0.0001680012139057263,0.005964777969037057,5.569207933564903e-06,0.03051873714090259,0.017791934635848564,0.046790371154807796,0.04043645615575255
1,20480,754.7908285726918,False,5,40149_00000,2025-05-17_14-53-56,1747461236,5.420582056045532,24.035399198532104,1464251,localhost.localdomain,10.139.239.36,24.035399198532104,5,4.284466588600545,2.1987127383165066e-05,4.284315128673268,0.5170655219849439,3.759056131107588,0.0016824561900209486,0.0007150164165068418,2393,1,0.2161854525198589,2.0,2.551231892361747e-05,9394,50.9375,4.0,20480,0.00013909503468312323,0.08147174822298547,1.5677083127346134,1.5677083127346134,4,7.4700189432859e-05,4096,51.4,50.0,754.7908285726918,8,0,0,10.9875,14.8,4096,0.00020475574628313643,5.934753875100945e-05,50.9375,20480,4096,20480,50.9375,-4.7683716e-07,0.62713546,0.0149953,2325.5986,128.0,9.879523,0.0003,1.0,0.94752455,195072,134148.0,5.0,-0.73593634,9.148087,0.0,898816,0.30000001192092896,9907524,898816,5417.577835823999,0.0,4096.0,195072,134148.0,42241020,0.0,0.14224108739533642,1.6951723925229937e-05,9.502445570773295e-05,9.218670524092017e-06,9.941060667550017e-07,1.5625431627829954e-05,3.2511868357002136e-05,8.830620858102478e-06,3.1610877292925677e-06,1.816060731049215e-05,4.221727842818098e-06,1.879918779528407e-06,1.7864274210292467e-05,0.00016799279967888057,0.005965943028202379,5.568641956129856e-06,0.03053456646629605,0.017792881744166145,0.04680818089584401,0.040444441835219204
1,24576,732.2952363053538,False,6,40149_00000,2025-05-17_14-54-01,1747461241,5.587335109710693,29.622734308242798,1464251,localhost.localdomain,10.139.239.36,29.622734308242798,6,4.297436468354563,2.1845196167296547e-05,4.2972845219868745,0.5198631270652073,3.769167305566609,0.0016831346275195964,0.0006141044541436713,2681,1,0.2455835456803689,1.71875,2.5024308341788808e-05,12075,50.98125000000001,5.0,24576,0.00013909503468312323,0.08175423071212404,1.3928930475263268,1.3928930475263268,5,7.138928267783541e-05,4096,51.8,50.0,732.2952363053538,8,0,0,10.774999999999999,14.8,4096,0.0002009998121861484,5.8540959085535015e-05,50.98125000000001,24576,4096,24576,50.98125000000001,1.7881393e-07,0.5826329,0.0068042176,2428.3508,128.0,10.0,0.0003,1.0,0.8872358,203648,134148.0,6.0,-0.79383063,9.208211,0.0,1102464,0.30000001192092896,10799708,1102464,5417.990034376249,0.0,4096.0,203648,134148.0,53040728,0.0,0.14230725895745144,1.6340015166921026e-05,9.32577309955483e-05,9.19967078716192e-06,9.921040311835126e-07,1.5573328169765544e-05,3.1405589515891006e-05,8.744038337450896e-06,3.1241866067074453e-06,1.8004683625132908e-05,4.1777835257857386e-06,1.8687334435743958e-06,1.7863576006859883e-05,0.00016798268351931797,0.005967629568497799,5.567897074072376e-06,0.030566958695969378,0.017794244013753364,0.04682714112234744,0.04045620225947767
1,28672,760.9256491674267,False,7,40149_00000,2025-05-17_14-54-07,1747461247,5.373363733291626,34.996098041534424,1464251,localhost.localdomain,10.139.239.36,34.996098041534424,7,4.30815368079077,2.170459462378891e-05,4.308001627757962,0.5211415526748039,3.7785255423200814,0.001683428281257439,0.0005177245948289055,2812,1,0.2771488598618686,1.4375,2.445956714512743e-05,14887,50.93124999999999,6.0,28672,0.00013909503468312323,0.08207788597009029,1.245715062140574,1.245715062140574,4,6.778608353849134e-05,4096,51.2,50.0,760.9256491674267,8,0,0,10.957142857142857,14.77142857142857,4096,0.00019670408689236274,5.731032296956325e-05,50.93124999999999,28672,4096,28672,50.93124999999999,1.1920929e-07,0.30870616,0.031552102,2456.8088,128.0,10.0,0.0003,1.0,0.7351049,207616,134148.0,7.0,-0.84771854,9.161747,0.0,1310080,0.45000001788139343,11220996,1310080,5418.544031173871,0.0,4096.0,207616,134148.0,64261724,0.0,0.1423810355691847,1.577307550140408e-05,9.134107501425692e-05,9.104691198900874e-06,9.803147507775473e-07,1.540869119168314e-05,3.0393865785168796e-05,8.552221585519919e-06,3.0718413631219086e-06,1.7751242468733693e-05,4.106594758246841e-06,1.8414570639198435e-06,1.7862679240301428e-05,0.00016797214260993936,0.005969925306382359,5.566985932628566e-06,0.03060036371550148,0.017796181145870154,0.04684742331432587,0.0404720702162699
1,32768,689.8838464040294,False,8,40149_00000,2025-05-17_14-54-13,1747461253,5.930157899856567,40.92625594139099,1464251,localhost.localdomain,10.139.239.36,40.92625594139099,8,4.324329749772325,2.1579318875747193e-05,4.324177337660654,0.5234879317080356,3.7922551449869664,0.0016839677582100427,0.0003877540002577007,3237,1,0.30999498049780766,1.03125,2.4208338890956285e-05,18124,51.00625000000001,7.0,32768,0.00013909503468312323,0.08247747603450867,1.098123745256795,1.098123745256795,2,6.575053914524233e-05,4096,51.2,51.0,689.8838464040294,8,0,0,11.199999999999998,14.800000000000002,4096,0.0001955386761738183,5.716823194091235e-05,51.00625000000001,32768,4096,32768,51.00625000000001,0.0,0.7105914,0.017745145,2533.0273,128.0,10.0,0.0003,1.0,0.5943198,220288,134148.0,8.0,-0.93506706,9.072917,0.0,1530368,0.45000001788139343,12635582,1530368,5419.279349032104,0.0,4096.0,220288,134148.0,76897306,0.0,0.1424795392679871,1.5512563127117395e-05,9.073959373361987e-05,9.132112286516345e-06,9.835197158574553e-07,1.5462526442059784e-05,2.9921363637982556e-05,8.569518219294302e-06,3.0621181054095974e-06,1.77355532096663e-05,4.1015633951748e-06,1.8438670393335442e-06,1.7861657044193464e-05,0.00016796157824148106,0.0059730311617589476,5.565890918508766e-06,0.030649820019170763,0.01779872398835196,0.04686964019805723,0.04049327390020475
1,36864,689.5158436989102,False,9,40149_00000,2025-05-17_14-54-18,1747461258,5.9331018924713135,46.859357833862305,1464251,localhost.localdomain,10.139.239.36,46.859357833862305,9,4.34037569657389,2.14594065101996e-05,4.340222921353599,0.525545482581092,3.8061377541869157,0.0016864906599606067,0.00045594005860039033,3476,1,0.3443619482172267,1.28125,2.3816572883765678e-05,21600,50.90625,8.0,36864,0.00013909503468312323,0.08296169922604058,0.9720314539784034,0.9720314539784034,3,6.392562904807027e-05,4096,51.0,49.0,689.5158436989102,8,0,0,11.15,14.8,4096,0.0001931424681352534,5.644279887975874e-05,50.90625,36864,4096,36864,50.90625,-2.3841858e-07,0.23259243,0.016826944,2566.1013,128.0,10.0,0.0003,1.0,0.4401285,227328,134148.0,9.0,-0.9525283,9.055045,0.0,1757696,0.45000001788139343,13451424,1757696,5420.215506130054,0.0,4096.0,227328,134148.0,90348730,0.0,0.14258810868505664,1.5200063365342455e-05,8.971596591520549e-05,9.077052789800603e-06,9.751460744327267e-07,1.535352841637481e-05,2.935369182966343e-05,8.446822787274792e-06,3.03118687320005e-06,1.758816005801559e-05,4.059834529029594e-06,1.8272522023708498e-06,1.7860595323607937e-05,0.0001679491644494936,0.005976977208599379,5.564617697850387e-06,0.03070006411799415,0.01780189811606964,0.04689382725798138,0.04052032449823467
1,40960,650.0477002676048,False,10,40149_00000,2025-05-17_14-54-25,1747461265,6.294156312942505,53.15351414680481,1464251,localhost.localdomain,10.139.239.36,53.15351414680481,10,4.359869897438143,2.1319441651307977e-05,4.359716770459818,0.5290423637951874,3.8220219578048336,0.0016868690639373054,0.0003893811190209817,3706,1,0.3797007444296392,1.0625,2.3516014124499408e-05,25306,51.00625000000001,9.0,40960,0.00013909503468312323,0.08352994997547245,0.8641428387537416,0.8641428387537416,2,6.258770356774741e-05,4096,51.2,51.0,650.0477002676048,8,0,0,11.022222222222222,14.800000000000002,4096,0.00019156958751486545,5.6006660856356894e-05,51.00625000000001,40960,4096,40960,51.00625000000001,-1.1920929e-07,0.6402619,0.010262742,2537.781,128.0,10.0,0.0003,1.0,0.34618714,234240,134148.0,10.0,-0.93869376,9.065925,0.0,1991936,0.45000001788139343,14286810,1991936,5421.371712151142,0.0,4096.0,234240,134148.0,104635540,0.0,0.14270820148155502,1.4986339426716048e-05,8.902686482594828e-05,9.04723733558789e-06,9.71105438624494e-07,1.5286780901393844e-05,2.898250977550428e-05,8.375927887398913e-06,3.010316403842816e-06,1.7501108487370143e-05,4.037225901305425e-06,1.8163323048514313e-06,1.7859276471336472e-05,0.00016793604036992286,0.005981850551082171,5.563208151794237e-06,0.03075150263883757,0.017805816797631564,0.04692027311578956,0.040553745295820495
1,45056,617.7796307079145,False,11,40149_00000,2025-05-17_14-54-31,1747461271,6.624406576156616,59.777920722961426,1464251,localhost.localdomain,10.139.239.36,59.777920722961426,11,4.382457824103437,2.1198027910370036e-05,4.3823042648258115,0.5324652924765544,3.841089913956121,0.0016866881534509386,0.0004074410244356841,3791,1,0.4160900094326352,1.125,2.396228571304279e-05,29097,50.98125000000001,10.0,45056,0.00013909503468312323,0.08427875468662718,0.7822365358799442,0.7822365358799442,2,6.350576998943091e-05,4096,51.2,50.0,617.7796307079145,8,0,0,11.455555555555556,14.800000000000002,4096,0.00019631340024133786,5.789154370913599e-05,50.98125000000001,45056,4096,45056,50.98125000000001,-2.3841858e-07,0.8738735,0.00012463122,2547.4094,128.0,10.0,0.0003,1.0,0.33638385,236672,134148.0,11.0,-0.9589977,9.041059,0.0,2228608,0.22500000894069672,14586761,2228608,5422.751672501195,0.0,4096.0,236672,134148.0,119222301,0.0,0.14287051779695886,1.5286439630815045e-05,9.099200590939178e-05,9.295977023709293e-06,1.0064879044321318e-06,1.574505075599808e-05,2.9511266681657913e-05,8.740416787092035e-06,3.094858478064258e-06,1.7972357360548925e-05,4.16383365434401e-06,1.8747925813644244e-06,1.7857884037891755e-05,0.00016792220845794972,0.006002611964393312,5.561645029244257e-06,0.030819666199656072,0.01781041971625349,0.04694910857611598,0.040593674844804487
1,49152,633.6471508959802,False,12,40149_00000,2025-05-17_14-54-38,1747461278,6.454269886016846,66.23219060897827,1464251,localhost.localdomain,10.139.239.36,66.23219060897827,12,4.4031325130216645,2.106749761118255e-05,4.402978579367675,0.5354188103420793,3.8586954960163276,0.0016873314820803206,0.00040574048398411833,3832,1,0.45332735698483495,1.125,2.3634163068606345e-05,32929,51.00625000000001,11.0,49152,0.00013909503468312323,0.08513081766585236,0.719473137668047,0.719473137668047,2,6.244486185019539e-05,4096,51.2,51.0,633.6471508959802,8,0,0,11.255555555555555,14.800000000000002,4096,0.00019422529753484487,5.715323139690415e-05,51.00625000000001,49152,4096,49152,51.00625000000001,-1.1920929e-07,0.44358385,0.004004685,2569.8064,128.0,10.0,0.0003,1.0,0.26483658,238080,134148.0,12.0,-0.982466,9.018436,0.0,2466688,0.11250000447034836,14755380,2466688,5424.355196473032,0.0,4096.0,238080,134148.0,133977681,0.0,0.14306073535420988,1.5081132512344857e-05,9.009012677450799e-05,9.219095051495374e-06,9.956846584011445e-07,1.5601312026319715e-05,2.9140336039160523e-05,8.610192663985742e-06,3.0606529985824924e-06,1.779886317625357e-05,4.1241797160018965e-06,1.85237653791057e-06,1.7856285423199476e-05,0.00016790716208319492,0.00602403441458364,5.5599376428477935e-06,0.030905535961384945,0.01781582502242138,0.04698020523262718,0.040640070750274516
1,53248,629.4332955071824,False,13,40149_00000,2025-05-17_14-54-44,1747461284,6.499362945556641,72.73155355453491,1464251,localhost.localdomain,10.139.239.36,72.73155355453491,13,4.4240520415218825,2.0952993332431953e-05,4.423897753064282,0.5383991746689734,3.876502358706551,0.0016884742276081174,0.0003604095836635679,3882,1,0.4907384147001417,1.0,2.3418114637969905e-05,36811,51.0,12.0,53248,0.00013909503468312323,0.08601471252673185,0.6708461206352185,0.6708461206352185,1,6.17949768307741e-05,4096,51.0,51.0,629.4332955071824,8,0,0,10.499999999999998,14.800000000000002,4096,0.00019291153155724712,5.6757599999215194e-05,51.0,53248,4096,53248,51.0,-1.1920929e-07,0.1576144,0.007204342,2578.2007,128.0,10.0,0.0003,1.0,0.1837592,239488,134148.0,13.0,-0.9839162,9.016893,0.0,2706176,0.11250000447034836,14934322,2706176,5426.182574798182,0.0,4096.0,239488,134148.0,148912003,0.0,0.1432780366694345,1.4941746919570408e-05,8.949870123351164e-05,9.176192995480174e-06,9.902404360439305e-07,1.5514787190207696e-05,2.8896342014889157e-05,8.54532861295124e-06,3.040384088798173e-06,1.770645671280161e-05,4.097387140963113e-06,1.841370747541261e-06,1.7854720386682458e-05,0.000167891226512936,0.0060461191256683715,5.55811004715962e-06,0.031008183711856638,0.017822013739505548,0.04701373172185539,0.040692886617545915
1,57344,635.7469286457008,False,14,40149_00000,2025-05-17_14-54-51,1747461291,6.435333490371704,79.16688704490662,1464251,localhost.localdomain,10.139.239.36,79.16688704490662,14,4.444122330087035,2.0849163854713617e-05,4.4439675267637675,0.541805511852183,3.8930372061094696,0.001688596465820113,0.0003524592721078079,3961,1,0.5278660705197596,1.0,2.336719512492063e-05,40772,51.0,13.0,57344,0.00013909503468312323,0.08690798299366326,0.6316680632188001,0.6316680632188001,1,6.166886543780304e-05,4096,51.0,51.0,635.7469286457008,8,0,0,11.28888888888889,14.800000000000002,4096,0.00019297726907505644,5.683354402304499e-05,51.0,57344,4096,57344,51.0,0.0,0.22353412,0.0060129277,2622.6057,128.0,10.0,0.0003,1.0,0.1145404,241792,134148.0,14.0,-0.99857825,9.002098,0.0,2947968,0.11250000447034836,15223451,2947968,5428.236870037183,0.0,4096.0,241792,134148.0,164135454,0.0,0.14350568571741773,1.4920183992296423e-05,8.950684778567347e-05,9.189477965823614e-06,9.936090616369932e-07,1.5541253517195303e-05,2.8858481677452096e-05,8.56123160049962e-06,3.044752423115828e-06,1.773254063767417e-05,4.102706835593791e-06,1.8452891546101176e-06,1.7853882729259568e-05,0.00016787392013551525,0.006068882117885917,5.556142709834596e-06,0.03111090408472121,0.017828975052849347,0.04704961362508417,0.04075215821520089
1,61440,608.9852009905383,False,15,40149_00000,2025-05-17_14-54-58,1747461298,6.718361139297485,85.8852481842041,1464251,localhost.localdomain,10.139.239.36,85.8852481842041,15,4.466821739846063,2.0730941820864305e-05,4.466666482716571,0.5458472657042299,3.911573429298091,0.0016927707406855612,0.0003552601774572395,4019,1,0.56443739828824,1.0,2.2995773674328232e-05,44791,51.0,14.0,61440,0.00013909503468312323,0.08781709049178478,0.6001948818993397,0.6001948818993397,1,6.66038230887735e-05,4096,51.0,51.0,608.9852009905383,8,0,0,11.233333333333336,14.800000000000002,4096,0.00019024120852012194,5.580187967593121e-05,51.0,61440,4096,61440,51.0,0.0,0.09639426,0.0014824243,2623.4395,128.0,10.0,0.0003,1.0,0.08802591,243456,134148.0,15.0,-0.98908526,9.011082,0.0,3191424,0.05625000223517418,15434730,3191424,5430.518961113923,0.0,4096.0,243456,134148.0,179570184,0.0,0.14376072585067545,1.4688862591097914e-05,8.837601678826131e-05,9.067965631167813e-06,9.747296121854242e-07,1.5321377735928912e-05,2.845759199668132e-05,8.364501071038473e-06,3.000179042106344e-06,1.749678249746877e-05,4.041936456505164e-06,1.8133396986124521e-06,1.78530887532428e-05,0.00016785552845851158,0.00609236739984452,5.554059609789084e-06,0.031230438131855307,0.01783670603115057,0.04708798353027547,0.04081798725714323
1,65536,628.2174967760673,False,16,40149_00000,2025-05-17_14-55-04,1747461304,6.512941122055054,92.39818930625916,1464251,localhost.localdomain,10.139.239.36,92.39818930625916,16,4.487234240286903,2.061059231975395e-05,4.487078554928989,0.5490900174080354,3.9286171264656566,0.0016950216635971981,0.0003500147577142343,4061,1,0.6006031254351174,1.0,2.3158912623941534e-05,48852,51.0,15.0,65536,0.00013909503468312323,0.0887795102668954,0.5751497317180175,0.5751497317180175,1,6.570964798078515e-05,4096,51.0,51.0,628.2174967760673,8,0,0,11.966666666666667,14.800000000000002,4096,0.00019205662495054603,5.6513278433470974e-05,51.0,65536,4096,65536,51.0,-1.1920929e-07,0.05093723,0.015021262,2623.0469,128.0,10.0,0.0003,1.0,0.023938673,244736,134148.0,16.0,-0.981844,9.019,0.0,3436160,0.05625000223517418,15596184,3436160,5433.028286682125,0.0,4096.0,244736,134148.0,195166368,0.0,0.1440263518083043,1.4803034493520303e-05,8.914942099445856e-05,9.157872004647893e-06,9.862926582961922e-07,1.5484804307381303e-05,2.868913064141296e-05,8.497322694297707e-06,3.030897272108913e-06,1.7666460433401946e-05,4.086863623423994e-06,1.8390753182333965e-06,1.7852361661967597e-05,0.00016783711781357338,0.006116498576958514,5.551879359250237e-06,0.03135014472054226,0.017845283387280253,0.047128783229104514,0.040890293141925084
1,69632,616.6711503870075,False,17,40149_00000,2025-05-17_14-55-11,1747461311,6.634359359741211,99.03254866600037,1464251,localhost.localdomain,10.139.239.36,99.03254866600037,17,4.508661206343309,2.049194573538533e-05,4.5085050769995245,0.5531957122542213,3.945814872480402,0.0016946426080655923,0.0003516438046062831,4085,1,0.6359007173431259,1.0,2.281153877343039e-05,52937,51.0,16.0,69632,0.00013909503468312323,0.08969679610474025,0.5557843110042507,0.5557843110042507,1,6.352035337433617e-05,4096,51.0,51.0,616.6711503870075,8,0,0,10.78,14.800000000000002,4096,0.00018932633064220602,5.549529918219106e-05,51.0,69632,4096,69632,51.0,-1.1920929e-07,0.018256893,0.0026554312,2627.6914,128.0,10.0,0.0003,1.0,0.0082698325,245504,134148.0,17.0,-1.0011778,8.998972,0.0,3681664,0.02812500111758709,15691158,3681664,5435.762473842852,0.0,4096.0,245504,134148.0,210857526,0.0,0.14430297655949242,1.459104260858031e-05,8.799955106775804e-05,9.032262362768539e-06,9.69530361497262e-07,1.5264793476775118e-05,2.8290976336664593e-05,8.307323373135075e-06,2.9867259623377888e-06,1.7417575928882787e-05,4.025044526613072e-06,1.8082224927135886e-06,1.785177040721733e-05,0.00016781787693224121,0.006141436379689681,5.549582107042099e-06,0.03146975332903911,0.017854600378287826,0.047172070004607485,0.040969609105184907
1,73728,585.641840724815,False,18,40149_00000,2025-05-17_14-55-18,1747461318,6.987401723861694,106.01995038986206,1464251,localhost.localdomain,10.139.239.36,106.01995038986206,18,4.5334042449594785,2.0377095648375757e-05,4.533247618659467,0.5589067285810863,3.964729704345809,0.0016946682925916665,0.00036411846667760983,4089,1,0.6705163306503161,1.0,2.301462951524808e-05,57026,51.0,17.0,73728,0.00013909503468312323,0.09063392301273353,0.5416145580277174,0.5416145580277174,1,6.330584046186981e-05,4096,51.0,51.0,585.641840724815,8,0,0,11.06,14.800000000000002,4096,0.00019139640429750214,5.6252282250151524e-05,51.0,73728,4096,73728,51.0,-1.1920929e-07,0.13338453,0.0001824837,2623.1855,128.0,10.0,0.0003,1.0,0.004344486,245632,134148.0,18.0,-0.9912608,9.008743,0.0,3927296,0.014062500558793545,15707015,3927296,5438.717174431696,0.0,4096.0,245632,134148.0,226564541,0.0,0.14460636475047128,1.4742294411683515e-05,8.886072394056133e-05,9.135103866827807e-06,9.850640111872772e-07,1.5441684941133938e-05,2.856934972726903e-05,8.438526943352779e-06,3.0214574974761584e-06,1.7615326868751294e-05,4.076783096971691e-06,1.8314635890367453e-06,1.7851167047007448e-05,0.00016779757176711593,0.006167032913704772,5.547208420825687e-06,0.03160614969049532,0.017864629983537127,0.04721769865757707,0.04105517309456663
1,77824,597.8301311698783,False,19,40149_00000,2025-05-17_14-55-25,1747461325,6.84390926361084,112.8638596534729,1464251,localhost.localdomain,10.139.239.36,112.8638596534729,19,4.556465894650214,2.026259428897533e-05,4.556308763543882,0.5633739335957013,3.9832004055726684,0.0017008919001805765,0.0003830295827356167,4088,1,0.7049276909574534,1.0,2.3290547976440983e-05,61114,51.0,18.0,77824,0.00013909503468312323,0.09160310166660232,0.531231987258737,0.531231987258737,1,6.358525856521717e-05,4096,51.0,51.0,597.8301311698783,8,0,0,11.155555555555557,14.800000000000002,4096,0.00019400877495927578,5.724356941238055e-05,51.0,77824,4096,77824,51.0,0.0,0.022738017,0.00021175828,2627.6917,128.0,10.0,0.0003,1.0,0.009029534,245632,134148.0,19.0,-0.99864286,9.00136,0.0,4172928,0.007031250279396772,15705096,4172928,5441.887604761378,0.0,4096.0,245632,134148.0,242269637,0.0,0.1449364397618802,1.4922092603161805e-05,8.997980919911341e-05,9.263059564629471e-06,1.0033548343792324e-06,1.5651998605256527e-05,2.8910904566929633e-05,8.631104215283373e-06,3.0652850383629573e-06,1.785510424904104e-05,4.139545540609953e-06,1.8642411238082008e-06,1.7850448668748296e-05,0.0001677764741212398,0.0061933465848987715,5.544732957519466e-06,0.031742091719488295,0.017875404007737284,0.04728270275228443,0.04114702426934306
1,81920,611.4521299062097,False,20,40149_00000,2025-05-17_14-55-31,1747461331,6.691224575042725,119.55508422851562,1464251,localhost.localdomain,10.139.239.36,119.55508422851562,20,4.577768003514136,2.0145629068192273e-05,4.577610432058614,0.5663042320195326,4.0014531942177705,0.0017024849319024484,0.00036085222745896317,4093,1,0.7382526408701318,1.0,2.3253316278692132e-05,65207,51.0,19.0,81920,0.00013909503468312323,0.09257476424350547,0.5235080305565194,0.5235080305565194,1,6.306410887944041e-05,4096,51.0,51.0,611.4521299062097,8,0,0,11.09,14.800000000000002,4096,0.00019383417574480953,5.719300756737253e-05,51.0,81920,4096,81920,51.0,-1.1920929e-07,0.00039693154,0.00318235,2627.6914,128.0,10.0,0.0003,1.0,0.00031210337,245760,134148.0,20.0,-1.0008267,8.999195,0.0,4418688,0.003515625139698386,15722880,4418688,5445.269654767023,0.0,4096.0,245760,134148.0,257992517,0.0,0.14529192344709377,1.4906270715901404e-05,8.990928458434323e-05,9.250267075804829e-06,9.997774047840486e-07,1.5645347691206562e-05,2.8878013693233993e-05,8.627073928469445e-06,3.0618145105628584e-06,1.7844667491607726e-05,4.139230302916222e-06,1.8608974363891105e-06,1.784928203104711e-05,0.00016775459176989437,0.006220241172073257,5.542124974648583e-06,0.031877792167829,0.017886862938052462,0.04736605612323733,0.0412448994016154
1,86016,624.1058224239108,False,21,40149_00000,2025-05-17_14-55-38,1747461338,6.4674623012542725,126.0225465297699,1464251,localhost.localdomain,10.139.239.36,126.0225465297699,21,4.596622828159189,2.008233331730134e-05,4.596464249788545,0.5682917052784902,4.018202499205633,0.0017025925925488736,0.0003708031690621283,4096,1,0.770535214480369,1.0,2.2952860536849325e-05,69303,51.0,20.0,86016,0.00013909503468312323,0.09346988753304883,0.5177339275460586,0.5177339275460586,1,6.191633154456926e-05,4096,51.0,51.0,624.1058224239108,8,0,0,11.411111111111111,14.800000000000002,4096,0.00019126034391394507,5.6219026657169966e-05,51.0,86016,4096,86016,51.0,-1.1920929e-07,4.7026922e-05,4.0258266e-05,2627.6917,128.0,10.0,0.0003,1.0,3.3856533e-05,245760,134148.0,21.0,-1.000024,8.999977,0.0,4664448,0.001757812569849193,15728640,4664448,5448.859075012079,0.0,4096.0,245760,134148.0,273721157,0.0,0.14565555949032644,1.471707699724348e-05,8.884374249344222e-05,9.129283543878765e-06,9.83716575391702e-07,1.542887663927845e-05,2.853246392971268e-05,8.449040258593656e-06,3.0204784837765294e-06,1.7617242720090216e-05,4.0780283754632795e-06,1.8295857289717792e-06,1.784829027339473e-05,0.0001677386179228471,0.006247752156455679,5.5395036690571685e-06,0.032012874601036,0.01789891760105733,0.04745088601298981,0.04134884053691035
1,90112,605.4308715947612,False,22,40149_00000,2025-05-17_14-55-45,1747461345,6.7582831382751465,132.78082966804504,1464251,localhost.localdomain,10.139.239.36,132.78082966804504,22,4.618190196877308,1.9949630409695357e-05,4.618031411251105,0.5719960719956071,4.035945997163822,0.001703667376044945,0.00036686149542219937,4096,1,0.801293645854596,1.0,2.287462429555756e-05,73399,51.0,21.0,90112,0.00013909503468312323,0.09430788384296022,0.5135477529333576,0.5135477529333576,1,6.153146272591667e-05,4096,51.0,51.0,605.4308715947612,8,0,0,10.91,14.800000000000002,4096,0.00019074258477988235,5.6011152314629425e-05,51.0,90112,4096,90112,51.0,-1.1920929e-07,1.7396414e-05,1.4056072e-06,2627.6912,128.0,10.0,0.0003,1.0,1.1206176e-05,245760,134148.0,22.0,-1.0000014,8.999999,0.0,4910208,0.0008789062849245965,15728640,4910208,5452.651379886758,0.0,4096.0,245760,134148.0,289449797,0.0,0.14604446445185254,1.4678258968050477e-05,8.86193069029742e-05,9.110745372016929e-06,9.80949112069495e-07,1.5390335701555167e-05,2.8460347039957432e-05,8.41161850708266e-06,3.0140733610621166e-06,1.7569939581591747e-05,4.069561366409182e-06,1.8231443752125124e-06,1.7847179512059857e-05,0.00016772165399712535,0.006275897891933352,5.5367662843243935e-06,0.032164702802255314,0.017911686036097378,0.04753717429174159,0.04145846878765343
1,94208,615.1798528298639,False,23,40149_00000,2025-05-17_14-55-51,1747461351,6.651336193084717,139.43216586112976,1464251,localhost.localdomain,10.139.239.36,139.43216586112976,23,4.6384640167974585,1.983429423420675e-05,4.638304886607682,0.5745450659457078,4.053570390702998,0.0017027878823553725,0.0003691931524372194,4096,1,0.8309060550417053,1.0,2.2799936558069162e-05,77495,51.0,22.0,94208,0.00013909503468312323,0.09510612800531312,0.5105128586541102,0.5105128586541102,1,6.110976060019752e-05,4096,51.0,51.0,615.1798528298639,8,0,0,10.944444444444443,14.811111111111112,4096,0.00019008491352668085,5.573458409446753e-05,51.0,94208,4096,94208,51.0,0.0,4.378116e-06,-4.6698165e-07,2627.6917,128.0,10.0,0.0003,1.0,5.3518374e-06,245760,134148.0,23.0,-1.0000011,8.999999,0.0,5155968,0.0004394531424622983,15728640,5155968,5456.642152756443,0.0,4096.0,245760,134148.0,305178437,0.0,0.14645768505989776,1.4619413381475496e-05,8.835971664804485e-05,9.07853318253796e-06,9.767420236380792e-07,1.533987894926318e-05,2.837379506385917e-05,8.360618709986464e-06,3.002421427352997e-06,1.750533439122778e-05,4.049956214446025e-06,1.8151727398660178e-06,1.7846067430894393e-05,0.0001677036592841131,0.0063046264882783976,5.5339474998678735e-06,0.03233217123148972,0.017925155560470845,0.047625088674420155,0.04157385732003043
1,98304,615.8797932864669,False,24,40149_00000,2025-05-17_14-55-58,1747461358,6.6420738697052,146.07423973083496,1464251,localhost.localdomain,10.139.239.36,146.07423973083496,24,4.658458414749406,1.9706991413703134e-05,4.658299106350963,0.5782187241157117,4.069772248446775,0.0017026835235473712,0.0003662873314169701,4096,1,0.8594040986624896,1.0,2.265513357112705e-05,81591,51.0,23.0,98304,0.00013909503468312323,0.09584841504514204,0.5083126199799451,0.5083126199799451,1,6.0630833069492513e-05,4096,51.0,51.0,615.8797932864669,8,0,0,11.244444444444444,14.800000000000002,4096,0.0001889184036270688,5.53110231763368e-05,51.0,98304,4096,98304,51.0,-1.1920929e-07,2.1175058e-06,2.4673562e-07,2627.6912,128.0,10.0,0.0003,1.0,2.752184e-06,245760,134148.0,24.0,-1.0000001,9.0,0.0,5401728,0.00021972657123114914,15728640,5401728,5460.827045030744,0.0,4096.0,245760,134148.0,320907077,0.0,0.1468783529691296,1.452474057243039e-05,8.787895128469635e-05,9.026001200737236e-06,9.694163757632338e-07,1.5242029082784338e-05,2.820519288085631e-05,8.283135074922608e-06,2.9857353113327907e-06,1.7398463904850134e-05,4.0239481910746004e-06,1.8045531192635015e-06,1.7844851966360047e-05,0.0001676845578996248,0.006333955671814707,5.531017214848586e-06,0.03249844626375685,0.017939317639149698,0.04771453642371931,0.041695038877480474
1,102400,611.2022847840587,False,25,40149_00000,2025-05-17_14-56-05,1747461365,6.694269895553589,152.76850962638855,1464251,localhost.localdomain,10.139.239.36,152.76850962638855,25,4.678772024921713,1.9593081620559954e-05,4.678612339127757,0.5808974736036524,4.087289583822669,0.001703289838876404,0.00035932341052102856,4096,1,0.8867804742389723,1.0,2.279700397619956e-05,85687,51.0,24.0,102400,0.00013909503468312323,0.09657120860478621,0.5067174902067616,0.5067174902067616,1,6.089525474211598e-05,4096,51.0,51.0,611.2022847840587,8,0,0,11.0,14.800000000000002,4096,0.0001901925473769191,5.579524763234977e-05,51.0,102400,4096,102400,51.0,0.0,9.0264905e-07,1.4356316e-07,2627.6917,128.0,10.0,0.0003,1.0,1.2459967e-06,245760,134148.0,25.0,-1.0000001,9.0,0.0,5647488,0.00010986328561557457,15728640,5647488,5465.201775244283,0.0,4096.0,245760,134148.0,336635717,0.0,0.1473216817945761,1.4622244580278998e-05,8.83956015459092e-05,9.080680664162676e-06,9.793359879218383e-07,1.5357098782048014e-05,2.8375035084231478e-05,8.374221157688188e-06,3.0036066200950157e-06,1.751526840476672e-05,4.053126957768642e-06,1.8183421414929352e-06,1.7843431105619283e-05,0.00016766425147062415,0.006363930418825359,5.527940734819375e-06,0.03266379326565851,0.017954164688297723,0.04782078764875758,0.041821637410152504
1,106496,611.925479255727,False,26,40149_00000,2025-05-17_14-56-11,1747461371,6.6884446144104,159.45695424079895,1464251,localhost.localdomain,10.139.239.36,159.45695424079895,26,4.698805438332183,1.9474291089056535e-05,4.698645453046454,0.5838864577485117,4.104232953903687,0.0017059366002323646,0.000348393659805879,4096,1,0.9131121063480774,1.0,2.2932787078862246e-05,89783,51.0,25.0,106496,0.00013909503468312323,0.09732720640894724,0.5055610524879022,0.5055610524879022,1,6.133851661020561e-05,4096,51.0,51.0,611.925479255727,8,0,0,10.85,14.810000000000002,4096,0.00019150247113158025,5.634755912665151e-05,51.0,106496,4096,106496,51.0,-1.1920929e-07,3.6166463e-07,6.657229e-08,2627.6914,128.0,10.0,0.0003,1.0,5.282236e-07,245760,134148.0,26.0,-1.0000001,9.0,0.0,5893248,5.4931642807787284e-05,15728640,5893248,5469.76212814905,0.0,4096.0,245760,134148.0,352364357,0.0,0.1477876370379136,1.4700107064575736e-05,8.893915843024051e-05,9.139061015783868e-06,9.869849707970971e-07,1.5467903338797454e-05,2.854685711424907e-05,8.472229841142037e-06,3.023974800312788e-06,1.763870425658566e-05,4.084128741462844e-06,1.8368518271236272e-06,1.7841827075951435e-05,0.00016764241541175663,0.006394552368829567,5.524753384054703e-06,0.03282819093999385,0.017969713367696784,0.04794393522526172,0.041953547119787826
1,110592,602.2902446128471,False,27,40149_00000,2025-05-17_14-56-18,1747461378,6.7894508838653564,166.2464051246643,1464251,localhost.localdomain,10.139.239.36,166.2464051246643,27,4.719670554199171,1.9403778460547147e-05,4.719509979566859,0.5875446086519099,4.12131756059476,0.0017057654838955397,0.00037302161945262924,4096,1,0.9383874738874165,1.0,2.3033225506936063e-05,93879,51.0,26.0,110592,0.00013909503468312323,0.09809366655078552,0.5047226578819692,0.5047226578819692,1,6.267408384104121e-05,4096,51.0,51.0,602.2902446128471,8,0,0,11.4,14.800000000000002,4096,0.00019245617993803328,5.675319590250406e-05,51.0,110592,4096,110592,51.0,-1.1920929e-07,1.4134697e-07,2.756862e-08,2627.6914,128.0,10.0,0.0003,1.0,2.1771439e-07,245760,134148.0,27.0,-1.0000001,9.0,0.0,6139008,2.7465821403893642e-05,15728640,6139008,5474.503953818196,0.0,4096.0,245760,134148.0,368092997,0.0,0.14827547172981567,1.476230354830223e-05,8.930855757644082e-05,9.193261875175036e-06,9.930336052664824e-07,1.5548218504496707e-05,2.8683567567729827e-05,8.5468540849853e-06,3.041601148177896e-06,1.7728648430120704e-05,4.103180780719958e-06,1.8502838361484996e-06,1.784005878188836e-05,0.00016762275415536208,0.00642578085708937,5.521457687617281e-06,0.03299172248041623,0.017985909596146092,0.04808316318287585,0.042090831551786966
1,114688,607.858827757438,False,28,40149_00000,2025-05-17_14-56-25,1747461385,6.731834411621094,172.9782395362854,1464251,localhost.localdomain,10.139.239.36,172.9782395362854,28,4.739741705096755,1.931012095134017e-05,4.739580708721521,0.590495720675695,4.13831490156896,0.001706975359306016,0.00036509972051135264,4096,1,0.9627688032131391,1.0,2.3027460711156763e-05,97975,51.0,27.0,114688,0.00013909503468312323,0.09888782091752991,0.5041148382788944,0.5041148382788944,1,6.236661676445975e-05,4096,51.0,51.0,607.858827757438,8,0,0,11.41,14.800000000000002,4096,0.00019248657506527327,5.674778725683581e-05,51.0,114688,4096,114688,51.0,-1.1920929e-07,5.49281e-08,1.0863463e-08,2627.692,128.0,10.0,0.0003,1.0,8.902097e-08,245760,134148.0,28.0,-1.0000001,9.0,0.0,6384768,1.3732910701946821e-05,15728640,6384768,5479.423166761145,0.0,4096.0,245760,134148.0,383821637,0.0,0.1487845333762746,1.4764676749669079e-05,8.932467456132395e-05,9.192642419947098e-06,9.926583476890774e-07,1.5550063257298066e-05,2.86913028750687e-05,8.546525550782065e-06,3.0420080881088746e-06,1.7725361655277195e-05,4.106402525779901e-06,1.850823168528606e-06,1.783796437100546e-05,0.0001676018761772239,0.006457533043249466,5.518078238425255e-06,0.03315431896943304,0.018002691759696442,0.04823844830871057,0.0422331041570309
1,118784,608.6054970959212,False,29,40149_00000,2025-05-17_14-56-32,1747461392,6.722679138183594,179.700918674469,1464251,localhost.localdomain,10.139.239.36,179.700918674469,29,4.759524508465328,1.921168984568965e-05,4.759362917535314,0.5936149029090908,4.154870598784243,0.0017061552556381133,0.00035597003443399444,4096,1,0.9863675170538193,1.0,2.2909147083182406e-05,102071,51.0,28.0,118784,0.00013909503468312323,0.09963322763269732,0.5036741810188553,0.5036741810188553,1,6.80356307360431e-05,4096,51.0,51.0,608.6054970959212,8,0,0,11.5,14.822222222222223,4096,0.00019137610247935312,5.63068371517668e-05,51.0,118784,4096,118784,51.0,-1.1920929e-07,2.1533841e-08,4.183707e-09,2627.6917,128.0,10.0,0.0003,1.0,3.6680788e-08,245760,134148.0,29.0,-1.0000001,9.0,0.0,6630528,6.8664553509734105e-06,15728640,6630528,5484.515745049852,0.0,4096.0,245760,134148.0,399550277,0.0,0.1493151586219336,1.4679436651565885e-05,8.887407764976722e-05,9.136294263373263e-06,9.854265978268744e-07,1.545929595318294e-05,2.8538938248550122e-05,8.46503596563076e-06,3.0218530639215883e-06,1.76271146776647e-05,4.077700910037915e-06,1.8365932717024971e-06,1.783571274393645e-05,0.00016758023758327076,0.0064899211746044455,5.514634037740348e-06,0.03331581952391992,0.018020078418624418,0.04840994153060894,0.04238054965181937
1,122880,594.7290725518577,False,30,40149_00000,2025-05-17_14-56-38,1747461398,6.882869243621826,186.58378791809082,1464251,localhost.localdomain,10.139.239.36,186.58378791809082,30,4.780677093460777,1.9100022919534475e-05,4.780515071019349,0.5980758419094218,4.171449152526064,0.0017076067928261064,0.0003500767816149164,4096,1,1.0092911827856588,1.0,2.2913867440546275e-05,106167,51.0,29.0,122880,0.00013909503468312323,0.10039283396628523,0.5033547131704298,0.5033547131704298,1,8.025070334996743e-05,4096,51.0,51.0,594.7290725518577,8,0,0,11.940000000000001,14.800000000000002,4096,0.00019133296300862033,5.627956271698912e-05,51.0,122880,4096,122880,51.0,0.0,8.688992e-09,1.5891244e-09,2627.6914,128.0,10.0,0.0003,1.0,1.5561321e-08,245760,134148.0,30.0,-1.0000001,9.0,0.0,6876288,3.4332276754867053e-06,15728640,6876288,5489.777729456109,0.0,4096.0,245760,134148.0,415278917,0.0,0.14986739896664247,1.4680084231270347e-05,8.888257419938897e-05,9.124885540583915e-06,9.844243990355484e-07,1.5449440516417032e-05,2.852433722396425e-05,8.46118484921707e-06,3.021346928192083e-06,1.762974861624497e-05,4.078198371654828e-06,1.8337179641966671e-06,1.7833959448003607e-05,0.00016755766037527287,0.006522851352328403,5.511110711430585e-06,0.03349250098532432,0.018038097430594546,0.04858153921132823,0.042533143853698836
1,126976,581.8393607651523,False,31,40149_00000,2025-05-17_14-56-45,1747461405,7.027887344360352,193.61167526245117,1464251,localhost.localdomain,10.139.239.36,193.61167526245117,31,4.803103151835703,1.9028743043152734e-05,4.802940504928722,0.6028069729505448,4.189016792810545,0.001708975175004317,0.0004182265874987934,4096,1,1.0315338508201697,1.0,2.389565799708165e-05,110263,51.0,30.0,126976,0.00013909503468312323,0.10123172429600123,0.5031231052623507,0.5031231052623507,1,8.162216044587664e-05,4096,51.0,51.0,581.8393607651523,8,0,0,20.330000000000002,14.88,4096,0.0001997227951448076,5.929877200035139e-05,51.0,126976,4096,126976,51.0,-1.1920929e-07,3.735988e-09,5.970311e-10,2627.6917,128.0,10.0,0.0003,1.0,7.0394277e-09,245760,134148.0,31.0,-1.0000001,9.0,0.0,7122048,1.7166138377433526e-06,15728640,7122048,5495.205222599737,0.0,4096.0,245760,134148.0,431007557,0.0,0.15044270694429546,1.53262222257289e-05,9.251008617143112e-05,9.524458822545277e-06,1.039312628475158e-06,1.6135635275021882e-05,2.9671659123992685e-05,9.028482831638148e-06,3.1589353878230485e-06,1.840293848343836e-05,4.275485027692978e-06,1.9227251173716986e-06,1.7832459349966177e-05,0.00016753472449246287,0.006556417334184134,5.5075061933829945e-06,0.033685730762548466,0.01805671452368676,0.048753291274479714,0.04269084008767379
1,131072,586.0898515025947,False,32,40149_00000,2025-05-17_14-56-52,1747461412,6.981005668640137,200.5926809310913,1464251,localhost.localdomain,10.139.239.36,200.5926809310913,32,4.824840313306632,1.8933935967224006e-05,4.824677418159452,0.6084472710201779,4.205011601773076,0.0017094474335797652,0.0004411318732309155,4096,1,1.0534453263005739,1.0,2.488851191067525e-05,114359,51.0,31.0,131072,0.00013909503468312323,0.10223502275254855,0.5029551940833411,0.5029551940833411,1,7.976653457350788e-05,4096,51.0,51.0,586.0898515025947,8,0,0,18.95,14.9,4096,0.00020809525961056204,6.240139719169968e-05,51.0,131072,4096,131072,51.0,-1.1920929e-07,1.7947928e-09,2.244792e-10,2627.6914,128.0,10.0,0.0003,1.0,3.5485543e-09,245760,134148.0,32.0,-1.0000001,9.0,0.0,7367808,8.583069188716763e-07,15728640,7367808,5500.794388107546,0.0,4096.0,245760,134148.0,446736197,0.0,0.15102272371770717,1.5962115712354375e-05,9.603463761327691e-05,9.92771402241927e-06,1.096210520837608e-06,1.6830455060075633e-05,3.0834614344976105e-05,9.599498779769185e-06,3.299983027051593e-06,1.9197811250407738e-05,4.481624295397249e-06,2.01668540537087e-06,1.783104435855618e-05,0.0001675126205624792,0.006590583698769749,5.503814462032353e-06,0.033877513937729586,0.018075959475779974,0.04892516465374812,0.04285331222157977
1,135168,603.8202603665926,False,33,40149_00000,2025-05-17_14-56-59,1747461419,6.776342153549194,207.3690230846405,1464251,localhost.localdomain,10.139.239.36,207.3690230846405,33,4.84431241808311,1.8831456407473277e-05,4.844149088918259,0.611156130940279,4.221673625675443,0.0017088272395175093,0.00037639986840076745,4096,1,1.074730200841006,1.0,2.4524949466413854e-05,118455,51.0,32.0,135168,0.00013909503468312323,0.10319402124021884,0.5028334617803715,0.5028334617803715,1,7.516436165394338e-05,4096,51.0,51.0,603.8202603665926,8,0,0,11.290000000000001,14.88,4096,0.00020505721557195398,6.129195591566999e-05,51.0,135168,4096,135168,51.0,-1.1920929e-07,9.9794e-10,8.7588166e-11,2627.6914,128.0,10.0,0.0003,1.0,2.0522732e-09,245760,134148.0,33.0,-1.0000001,9.0,0.0,7613568,4.2915345943583816e-07,15728640,7613568,5506.54144978294,0.0,4096.0,245760,134148.0,462464837,0.0,0.1516231890291551,1.5721319567960084e-05,9.476769811127957e-05,9.781733541020069e-06,1.0748850251245669e-06,1.658186788737197e-05,3.0403504174236933e-05,9.39367665275074e-06,3.249556439565994e-06,1.8918134791451957e-05,4.408802001358494e-06,1.984267523713531e-06,1.7829810023670807e-05,0.00016749092144276395,0.00662524435232904,5.500027517246592e-06,0.034067987484928564,0.01809564368548277,0.04911302908170137,0.043020599506996916
1,139264,607.7812679745832,False,34,40149_00000,2025-05-17_14-57-06,1747461426,6.73154878616333,214.10057187080383,1464251,localhost.localdomain,10.139.239.36,214.10057187080383,34,4.863142162511568,1.8717781526987884e-05,4.8629787868991485,0.6136461302910484,4.2379033328593145,0.0017086754069103032,0.0003565141996659804,4096,1,1.094969669206556,1.0,2.4137825310573127e-05,122551,51.0,33.0,139264,0.00013909503468312323,0.10400272884909684,0.5027452082544674,0.5027452082544674,1,7.146517839370551e-05,4096,51.0,51.0,607.7812679745832,8,0,0,11.21111111111111,14.811111111111112,4096,0.00020179432795657765,6.014636674087767e-05,51.0,139264,4096,139264,51.0,-1.1920929e-07,6.3982825e-10,3.7523918e-11,2627.6917,128.0,10.0,0.0003,1.0,1.353179e-09,245760,134148.0,34.0,-1.0000001,9.0,0.0,7859328,2.1457672971791908e-07,15728640,7859328,5512.442690786013,0.0,4096.0,245760,134148.0,478193477,0.0,0.1522432987804095,1.5477399472179234e-05,9.332280447693813e-05,9.628931039589947e-06,1.0543056627178469e-06,1.6320190831837443e-05,2.9958002590417593e-05,9.178571699579117e-06,3.1985133181885836e-06,1.8609169844642766e-05,4.3302066941251275e-06,1.9511441278099015e-06,1.7828298073940922e-05,0.0001674683569421851,0.00666037239404218,5.496141637078476e-06,0.03425679825748445,0.018115936985453794,0.049316864673327306,0.043192156099276374
1,143360,607.3787768163019,False,35,40149_00000,2025-05-17_14-57-13,1747461433,6.736486434936523,220.83705830574036,1464251,localhost.localdomain,10.139.239.36,220.83705830574036,35,4.881832877936084,1.8635093447976987e-05,4.88166901020912,0.6156518913986715,4.254487757790543,0.0017096775426151353,0.0003511504728521686,4096,1,1.114117097351974,1.0,2.366189736596723e-05,126647,51.0,34.0,143360,0.00013909503468312323,0.10467215396924194,0.5026812261836082,0.5026812261836082,1,6.821982047877627e-05,4096,51.0,51.0,607.3787768163019,8,0,0,11.170000000000002,14.810000000000002,4096,0.0001976831771589937,5.860489672701715e-05,51.0,143360,4096,143360,51.0,-1.1920929e-07,4.5788598e-10,1.8366376e-11,2627.6914,128.0,10.0,0.0003,1.0,9.869914e-10,245760,134148.0,35.0,-1.0000001,9.0,0.0,8105088,1.0728836485895954e-07,15728640,8105088,5518.4944528240485,0.0,4096.0,245760,134148.0,493922117,0.0,0.15288181932953482,1.5163919704969553e-05,9.158048274526671e-05,9.436380230276962e-06,1.0274625357909488e-06,1.597440656943143e-05,2.9401475066582012e-05,8.890657540701302e-06,3.1265747142553476e-06,1.8217457303540567e-05,4.229574253001809e-06,1.903276172618185e-06,1.782656928446873e-05,0.00016744461594204096,0.006695957508679506,5.4921450693931235e-06,0.0344440944348349,0.018136679957061388,0.049535387823911266,0.043368031643962884
1,147456,606.3599259334172,False,36,40149_00000,2025-05-17_14-57-19,1747461439,6.749399423599243,227.5864577293396,1464251,localhost.localdomain,10.139.239.36,227.5864577293396,36,4.900449509286627,1.8535902664949045e-05,4.900285319666707,0.6178923891054139,4.270780657463084,0.00171027071678901,0.00035114484489895403,4096,1,1.132348715134873,1.0,2.335290749942416e-05,130743,51.0,35.0,147456,0.00013909503468312323,0.10524315324057486,0.5026348404403818,0.5026348404403818,1,6.595639803547306e-05,4096,51.0,51.0,606.3599259334172,8,0,0,11.322222222222223,14.822222222222223,4096,0.0001951370998054572,5.76598718525964e-05,51.0,147456,4096,147456,51.0,-1.1920929e-07,3.534375e-10,1.0266914e-11,2627.692,128.0,10.0,0.0003,1.0,7.7210016e-10,245760,134148.0,36.0,-1.0000001,9.0,0.0,8350848,5.364418242947977e-08,15728640,8350848,5524.693135352244,0.0,4096.0,245760,134148.0,509650757,0.0,0.1535390284512993,1.497405948909834e-05,9.04850085731018e-05,9.317322254381865e-06,1.012148011396713e-06,1.576455057270519e-05,2.9049853750971123e-05,8.711464107845405e-06,3.0857527780808076e-06,1.7978522126123217e-05,4.170548156641796e-06,1.8740082623546217e-06,1.782462703729849e-05,0.00016741985242532532,0.006731955496976814,5.488036516615616e-06,0.03462991140960753,0.01815797514973474,0.04976875342790914,0.04354826087265218
1,151552,604.3225705366037,False,37,40149_00000,2025-05-17_14-57-26,1747461446,6.770492315292358,234.35695004463196,1464251,localhost.localdomain,10.139.239.36,234.35695004463196,37,4.919090156893819,1.8436703782136885e-05,4.918925608629835,0.6203353477335788,4.286896483608612,0.0017092810100773634,0.0003534438365022652,4096,1,1.1499851193733046,1.0,2.339864137861963e-05,134839,51.0,36.0,151552,0.00013909503468312323,0.10580057576997452,0.5026012116886733,0.5026012116886733,1,6.507201021825009e-05,4096,51.0,51.0,604.3225705366037,8,0,0,11.010000000000002,14.800000000000002,4096,0.0001954664336527495,5.778270374883763e-05,51.0,151552,4096,151552,51.0,-1.1920929e-07,2.871001e-10,6.3995432e-12,2627.6914,128.0,10.0,0.0003,1.0,6.3346217e-10,245760,134148.0,37.0,-1.0000001,9.0,0.0,8596608,2.6822091214739885e-08,15728640,8596608,5531.035194784594,0.0,4096.0,245760,134148.0,525379397,0.0,0.15421521641110203,1.4998062656352992e-05,9.061731421070904e-05,9.332806268097195e-06,1.0139907453922073e-06,1.5804061307840728e-05,2.908828276975096e-05,8.749420587764901e-06,3.088481831432461e-06,1.8004536531544798e-05,4.175058447938724e-06,1.8784664402748386e-06,1.7822492887515415e-05,0.00016739471941917277,0.006768374255858568,5.483887710598069e-06,0.03481428075994461,0.018179912114559257,0.050017342442047384,0.043732621989411066
1,155648,593.4383121537478,False,38,40149_00000,2025-05-17_14-57-33,1747461453,6.893554449081421,241.25050449371338,1464251,localhost.localdomain,10.139.239.36,241.25050449371338,38,4.938791068504824,1.833809758359898e-05,4.938626102774129,0.6234568019159659,4.303375079912838,0.0017097889800967094,0.00037639350193785504,4096,1,1.166841539977113,1.0,2.338712938990137e-05,138935,51.0,37.0,155648,0.00013909503468312323,0.10630413472343991,0.5025768315049619,0.5025768315049619,1,6.437645778301872e-05,4096,51.0,51.0,593.4383121537478,8,0,0,11.21,14.800000000000002,4096,0.0001954880165926746,5.7798331559890774e-05,51.0,155648,4096,155648,51.0,-1.1920929e-07,2.4160132e-10,4.330189e-12,2627.6914,128.0,10.0,0.0003,1.0,5.372675e-10,245760,134148.0,38.0,-1.0000001,9.0,0.0,8842368,1.3411045607369942e-08,15728640,8842368,5537.51714371476,0.0,4096.0,245760,134148.0,541108037,0.0,0.15490951748075793,1.4989830926863657e-05,9.063384677065533e-05,9.330258767994676e-06,1.0139280374298626e-06,1.5809008131564233e-05,2.9086328014148655e-05,8.751294843349427e-06,3.0886151462564744e-06,1.800251963950603e-05,4.1742855563834956e-06,1.8798926433443709e-06,1.782031005355526e-05,0.00016736864368865976,0.006805371083417441,5.479640774843201e-06,0.03501330199093982,0.018202419051378538,0.05026393354246253,0.04392125361455074
1,159744,598.6902758379849,False,39,40149_00000,2025-05-17_14-57-40,1747461460,6.834019422531128,248.0845239162445,1464251,localhost.localdomain,10.139.239.36,248.0845239162445,39,4.957698448449388,1.8245986220075307e-05,4.957533242946014,0.6257807022474812,4.319853638953194,0.0017084801907303734,0.0003664903124445118,4096,1,1.1832702132609456,1.0,2.3506556918037357e-05,143031,51.0,38.0,159744,0.00013909503468312323,0.10683378000130889,0.5025591563511842,0.5025591563511842,1,6.424044461335253e-05,4096,51.0,51.0,598.6902758379849,8,0,0,11.511111111111111,14.844444444444447,4096,0.00019658444113493552,5.820560069924765e-05,51.0,159744,4096,159744,51.0,-1.1920929e-07,2.0854468e-10,3.1145746e-12,2627.6914,128.0,10.0,0.0003,1.0,4.6674986e-10,245760,134148.0,39.0,-1.0000001,9.0,0.0,9088128,6.705522803684971e-09,15728640,9088128,5544.135550146845,0.0,4096.0,245760,134148.0,556836677,0.0,0.15562143206807957,1.5071007441985283e-05,9.110618053854114e-05,9.378889431134872e-06,1.0221179497520057e-06,1.589563479145576e-05,2.924085856419944e-05,8.818831143598106e-06,3.1085597696439516e-06,1.810332298327697e-05,4.201051547800558e-06,1.894432281503581e-06,1.781818802369044e-05,0.00016734210140131192,0.006842738618398338,5.475381184083081e-06,0.03522697625914493,0.018225437825948713,0.05050863249592348,0.04411383057929176
1,163840,578.284571474759,False,40,40149_00000,2025-05-17_14-57-47,1747461467,7.075572490692139,255.16009640693665,1464251,localhost.localdomain,10.139.239.36,255.16009640693665,40,4.978834424185301,1.8177636656329316e-05,4.978668880806793,0.6299244376841553,4.336732414763526,0.0017095169389155433,0.0003555157600203529,4096,1,1.1992173580703043,1.0,2.315881440460863e-05,147127,51.0,39.0,163840,0.00013909503468312323,0.1073139702156411,0.5025463422122602,0.5025463422122602,1,6.574911856268617e-05,4096,51.0,51.0,578.284571474759,8,0,0,10.927272727272728,14.809090909090912,4096,0.00019357987470588944,5.71295295802612e-05,51.0,163840,4096,163840,51.0,-1.1920929e-07,1.8346025e-10,2.3451553e-12,2627.6914,128.0,10.0,0.0003,1.0,4.12852e-10,245760,134148.0,40.0,-1.0000001,9.0,0.0,9333888,3.3527614018424856e-09,15728640,9333888,5550.887036735917,0.0,4096.0,245760,134148.0,572565317,0.0,0.15633351368721005,1.4857284409653367e-05,8.980815734500298e-05,9.231653210084723e-06,1.001140226291675e-06,1.5650097902231834e-05,2.8828663952834013e-05,8.614989755358603e-06,3.0616811538271696e-06,1.7829577494112672e-05,4.1330457360015526e-06,1.860649853194778e-06,1.78161087103532e-05,0.00016731550219386139,0.0068804461724671145,5.471025529324434e-06,0.035438199399785875,0.018248943948331552,0.050751298937360176,0.044310224837174304
1,167936,536.3953616954187,False,41,40149_00000,2025-05-17_14-57-55,1747461475,7.629495143890381,262.789591550827,1464251,localhost.localdomain,10.139.239.36,262.789591550827,41,5.005295018673435,1.8083331270127126e-05,5.005129168468136,0.633170339506257,4.3598490202958535,0.0017114962092959986,0.00034670641252887435,4096,1,1.2152571384843291,1.0,2.3107225344562964e-05,151223,51.0,40.0,167936,0.00013909503468312323,0.1077655420507299,0.5025370522135181,0.5025370522135181,1,7.330325512646348e-05,4096,51.0,51.0,536.3953616954187,8,0,0,11.669999999999998,14.820000000000002,4096,0.0001931364668416459,5.698465114618328e-05,51.0,167936,4096,167936,51.0,-1.1920929e-07,1.6377309e-10,1.8294064e-12,2627.692,128.0,10.0,0.0003,1.0,3.7029577e-10,245760,134148.0,41.0,-1.0000001,9.0,0.0,9579648,1.6763807009212428e-09,15728640,9579648,5557.768280038193,0.0,4096.0,245760,134148.0,588293957,0.0,0.15706208358935073,1.4838351767132153e-05,8.960901768630175e-05,9.211664963556871e-06,9.986502742027825e-07,1.561934122593618e-05,2.875317070202783e-05,8.605379709863602e-06,3.0482526464354525e-06,1.7779024914088672e-05,4.123255941551012e-06,1.8536466875501015e-06,1.7814053461965685e-05,0.00016729122545327925,0.006918554730104123,5.466889757400244e-06,0.03564742276049155,0.018272844946484925,0.05100795533862409,0.044510315863040696
1,172032,529.0186833323899,False,42,40149_00000,2025-05-17_14-58-02,1747461482,7.734835863113403,270.52442741394043,1464251,localhost.localdomain,10.139.239.36,270.52442741394043,42,5.032546802507427,1.798174768775954e-05,5.032380742004153,0.6366301702211669,4.383543637612985,0.0017127393474086986,0.00037387200427474454,4096,1,1.2327458308543164,1.0,2.3193648111434278e-05,155319,51.0,41.0,172032,0.00013909503468312323,0.1082768231113592,0.5025303171471089,0.5025303171471089,1,7.44080447203986e-05,4096,51.0,51.0,529.0186833323899,8,0,0,11.327272727272726,14.854545454545457,4096,0.0001939770998907331,5.725705662363283e-05,51.0,172032,4096,172032,51.0,-1.1920929e-07,1.4791794e-10,1.4659266e-12,2627.6917,128.0,10.0,0.0003,1.0,3.3584624e-10,245760,134148.0,42.0,-1.0000001,9.0,0.0,9825408,8.381903504606214e-10,15728640,9825408,5564.77600977075,0.0,4096.0,245760,134148.0,604022597,0.0,0.1578069674760726,1.490304630573367e-05,8.998278760139034e-05,9.259428651281158e-06,1.0045442865870652e-06,1.5675028845829796e-05,2.887390662150851e-05,8.653595419120526e-06,3.0641095527183178e-06,1.7850858827905375e-05,4.141625503632622e-06,1.8650508871328037e-06,1.7812213415232384e-05,0.00016726544419486933,0.00695702253247792,5.462690299899334e-06,0.035854597450840846,0.018297184410875064,0.05127855986477699,0.0447140118884056
1,176128,526.4639066989263,False,43,40149_00000,2025-05-17_14-58-10,1747461490,7.772969722747803,278.29739713668823,1464251,localhost.localdomain,10.139.239.36,278.29739713668823,43,5.059907106761862,1.7877070480355142e-05,5.059740803513855,0.6395873813585743,4.407851938527376,0.001712066994247915,0.0003732986151590012,4096,1,1.2511682723214905,1.0,2.3119246988693532e-05,159415,51.0,42.0,176128,0.00013909503468312323,0.10877583459755513,0.5025254343564011,0.5025254343564011,1,7.17674360508723e-05,4096,51.0,51.0,526.4639066989263,8,0,0,10.633333333333333,14.825000000000003,4096,0.0001933305511175407,5.703113062119063e-05,51.0,176128,4096,176128,51.0,-1.1920929e-07,1.3486978e-10,1.2015008e-12,2627.6917,128.0,10.0,0.0003,1.0,3.0736735e-10,245760,134148.0,43.0,-1.0000001,9.0,0.0,10071168,4.190951752303107e-10,15728640,10071168,5571.907008080651,0.0,4096.0,245760,134148.0,619751237,0.0,0.15856770693899683,1.4853189961405294e-05,8.968446614785003e-05,9.232666530291512e-06,1.0011028632412027e-06,1.5619448512191763e-05,2.878288982783747e-05,8.614974804101601e-06,3.0512632021731526e-06,1.7789211596016718e-05,4.124148087121314e-06,1.857527053709827e-06,1.781001536370277e-05,0.00016723885024319586,0.006995873479028042,5.458422941853614e-06,0.03605977851229931,0.01832195398328618,0.05156249509336673,0.044921395153979006
1,180224,523.257839364568,False,44,40149_00000,2025-05-17_14-58-18,1747461498,7.823265552520752,286.120662689209,1464251,localhost.localdomain,10.139.239.36,286.120662689209,44,5.087471297533898,1.7762919592391283e-05,5.087305058029127,0.6416731346446702,4.433252102521813,0.0017128009841235487,0.00035273090543341823,4096,1,1.2699659266970664,1.0,2.306928642305939e-05,163511,51.0,43.0,180224,0.00013909503468312323,0.10918450000579377,0.5025218944291535,0.5025218944291535,1,6.884956292250888e-05,4096,51.0,51.0,523.257839364568,8,0,0,10.745454545454548,14.863636363636367,4096,0.0001927540925869736,5.681477600786171e-05,51.0,180224,4096,180224,51.0,-1.1920929e-07,1.2393572e-10,1.0034019e-12,2627.6912,128.0,10.0,0.0003,1.0,2.834073e-10,245760,134148.0,44.0,-1.0000001,9.0,0.0,10316928,2.0954758761515535e-10,15728640,10316928,5579.158108823378,0.0,4096.0,245760,134148.0,635479877,0.0,0.15934319916051348,1.4813821671063043e-05,8.943488591064291e-05,9.206432180086407e-06,9.963705680590832e-07,1.557870665648358e-05,2.8702743239577553e-05,8.574954151590594e-06,3.044309739326187e-06,1.7738287389576447e-05,4.109330933416943e-06,1.849376435202958e-06,1.7807485650457963e-05,0.00016721404822409532,0.007035069464393453,5.454072359808953e-06,0.036262881735975624,0.01834719847790863,0.05185898017569347,0.04513223330105359
1,184320,518.3400122304898,False,45,40149_00000,2025-05-17_14-58-26,1747461506,7.891852140426636,294.0125148296356,1464251,localhost.localdomain,10.139.239.36,294.0125148296356,45,5.115473689038612,1.768317007075302e-05,5.115306975029031,0.6435714139080273,4.459262633736217,0.001713477844431434,0.00035556365037336946,4096,1,1.2893656168982401,1.0,2.286214072869271e-05,167607,51.0,44.0,184320,0.00013909503468312323,0.10953139882424887,0.5025193280515082,0.5025193280515082,1,6.620189048196616e-05,4096,51.0,51.0,518.3400122304898,8,0,0,10.618181818181817,14.836363636363638,4096,0.00019088880554467378,5.611463563209823e-05,51.0,184320,4096,184320,51.0,-1.1920929e-07,1.1464487e-10,8.5008986e-13,2627.6917,128.0,10.0,0.0003,1.0,2.6297436e-10,245760,134148.0,45.0,-1.0000001,9.0,0.0,10562688,1.0477379380757768e-10,15728640,10562688,5586.526196850442,0.0,4096.0,245760,134148.0,651208517,0.0,0.16013426881050496,1.4675437500078463e-05,8.863621653016033e-05,9.11653675695995e-06,9.84223652673599e-07,1.5423961594004724e-05,2.844403491302564e-05,8.441032544338488e-06,3.010901215579261e-06,1.7561687020467578e-05,4.065624480787971e-06,1.8295376413944839e-06,1.780515413601226e-05,0.00016719341745630872,0.007074564434797862,5.449740843648632e-06,0.03646408699912107,0.01837293762464639,0.05216868691926391,0.04534647668977629
1,188416,510.27528751544713,False,46,40149_00000,2025-05-17_14-58-34,1747461514,8.019404649734497,302.0319194793701,1464251,localhost.localdomain,10.139.239.36,302.0319194793701,46,5.144470824788934,1.758448797558791e-05,5.144303862438043,0.645478368958389,4.486265133409798,0.0017135592354952935,0.0003703229667735286,4096,1,1.309035333254112,1.0,2.2838654159539377e-05,171703,51.0,45.0,188416,0.00013909503468312323,0.10985749083130837,0.5025174674781805,0.5025174674781805,1,6.47264295228612e-05,4096,51.0,51.0,510.27528751544713,8,0,0,10.781818181818181,14.81818181818182,4096,0.00019084210211204222,5.61144803294781e-05,51.0,188416,4096,188416,51.0,-1.1920929e-07,1.0664486e-10,7.3012424e-13,2627.6917,128.0,10.0,0.0003,1.0,2.4532362e-10,245760,134148.0,46.0,-1.0000001,9.0,0.0,10808448,5.238689690378884e-11,15728640,10808448,5594.008207306082,0.0,4096.0,245760,134148.0,666937157,0.0,0.1609409696094758,1.4668134811900796e-05,8.861973278571508e-05,9.11374118225908e-06,9.833420242392556e-07,1.5419068982069977e-05,2.844993545295261e-05,8.435774033481468e-06,3.010608762126178e-06,1.7570234143309196e-05,4.0657951935734675e-06,1.8299877617788049e-06,1.7802761705786448e-05,0.00016717161120404257,0.007114397305143678,5.445354348760826e-06,0.03667985402232856,0.018399288188295178,0.052475025227549855,0.045564192728105087
1,192512,513.5534554912495,False,47,40149_00000,2025-05-17_14-58-42,1747461522,7.968442678451538,310.00036215782166,1464251,localhost.localdomain,10.139.239.36,310.00036215782166,47,5.172667978470603,1.748048299093143e-05,5.172500906003243,0.6473324971895631,4.512501328416019,0.001713042493781293,0.0003683278810058255,4096,1,1.3290010486102064,1.0,2.281752888476764e-05,175799,51.0,46.0,192512,0.00013909503468312323,0.11012858364664678,0.5025161185991043,0.5025161185991043,1,6.356263577201344e-05,4096,51.0,51.0,513.5534554912495,8,0,0,10.681818181818182,14.809090909090912,4096,0.00019067060283697526,5.605197749692949e-05,51.0,192512,4096,192512,51.0,-1.1920929e-07,9.970594e-11,6.318751e-13,2627.6917,128.0,10.0,0.0003,1.0,2.2996727e-10,245760,134148.0,47.0,-1.0000001,9.0,0.0,11054208,2.619344845189442e-11,15728640,11054208,5601.601124932925,0.0,4096.0,245760,134148.0,682665797,0.0,0.16176223193108555,1.4658034605814075e-05,8.85453462015023e-05,9.100692872258854e-06,9.817210771631068e-07,1.54061993562005e-05,2.8424243437320115e-05,8.426124550564698e-06,3.0075783655853616e-06,1.7551093905752784e-05,4.060451937251398e-06,1.8266476693598328e-06,1.780058321263088e-05,0.00016714926313549674,0.007154515316439049,5.440928307861125e-06,0.03690955338166283,0.018426041503507785,0.05277818101788181,0.04578503510740431
1,196608,511.6348848128254,False,48,40149_00000,2025-05-17_14-58-50,1747461530,7.9988789558410645,317.9992411136627,1464251,localhost.localdomain,10.139.239.36,317.9992411136627,48,5.200885089376637,1.7398448366832785e-05,5.200717832072675,0.651010475966966,4.536938053691137,0.0017122756381459645,0.0003641674302343745,4096,1,1.3489542974612436,1.0,2.2860556842950607e-05,179895,51.0,47.0,196608,0.00013909503468312323,0.11040207703948414,0.5025151406882983,0.5025151406882983,1,6.299254802853185e-05,4096,51.0,51.0,511.6348848128254,8,0,0,10.83333333333333,14.883333333333335,4096,0.00019108900470737446,5.6225909555131046e-05,51.0,196608,4096,196608,51.0,-1.1920929e-07,9.3609724e-11,5.5407274e-13,2627.6917,128.0,10.0,0.0003,1.0,2.1643863e-10,245760,134148.0,48.0,-1.0000001,9.0,0.0,11299968,1.309672422594721e-11,15728640,11299968,5609.3019833865,0.0,4096.0,245760,134148.0,698394437,0.0,0.1625814209726917,1.4679125133013844e-05,8.872617183304434e-05,9.122473963453315e-06,9.843789404941028e-07,1.5445328819359354e-05,2.847035147414046e-05,8.45807566061264e-06,3.015393045030501e-06,1.7594612297915144e-05,4.071841117361332e-06,1.8337646956654198e-06,1.7798346105107388e-05,0.00016712649946988106,0.007194967066479257,5.436413961780066e-06,0.03713642128290168,0.018453176900399975,0.05307810509818765,0.04600912848374051
1,200704,508.94003796903297,False,49,40149_00000,2025-05-17_14-58-58,1747461538,8.040331602096558,326.0395727157593,1464251,localhost.localdomain,10.139.239.36,326.0395727157593,49,5.229236895992752,1.7321953566121988e-05,5.229069407001695,0.6534927132376931,4.562708335444451,0.0017115503209407215,0.00035188217952963896,4096,1,1.368650565362315,1.0,2.2873106397241538e-05,183991,51.0,48.0,200704,0.00013909503468312323,0.11067251185104396,0.502514431722194,0.502514431722194,1,7.000231802198818e-05,4096,51.0,51.0,508.94003796903297,8,0,0,10.700000000000001,14.872727272727275,4096,0.00019118050296171513,5.627730519474614e-05,51.0,200704,4096,200704,51.0,-1.1920929e-07,8.821483e-11,4.895049e-13,2627.6914,128.0,10.0,0.0003,1.0,2.0443516e-10,245760,134148.0,49.0,-1.0000001,9.0,0.0,11545728,6.548362112973605e-12,15728640,11545728,5617.10786455851,0.0,4096.0,245760,134148.0,714123077,0.0,0.16341436622296776,1.4679493683234707e-05,8.879088711740572e-05,9.130175321564696e-06,9.83400705480526e-07,1.5440106715888596e-05,2.848789806244402e-05,8.47522995700632e-06,3.0159191165464664e-06,1.7608636187643793e-05,4.0798848213653545e-06,1.8346725109131098e-06,1.779604078374626e-05,0.00016710275275187087,0.007235810222386864,5.431852518358176e-06,0.03736071773417736,0.01848067611529886,0.053390595044684123,0.04623621040424244
1,204800,508.7225808449277,False,50,40149_00000,2025-05-17_14-59-06,1747461546,8.04453158378601,334.0841042995453,1464251,localhost.localdomain,10.139.239.36,334.0841042995453,50,5.2573428958822435,1.723689302537387e-05,5.257175035661909,0.6555979139159658,4.588603202889512,0.0017123555874823863,0.00036032788193551823,4096,1,1.3880411235162913,1.0,2.314234379715696e-05,188087,51.0,49.0,204800,0.00013909503468312323,0.11099749173377561,0.5025139177357094,0.5025139177357094,1,6.845976744358826e-05,4096,51.0,51.0,508.7225808449277,8,0,0,10.674999999999999,14.850000000000003,4096,0.0001936840624504929,5.723120275698141e-05,51.0,204800,4096,204800,51.0,-1.1920929e-07,8.34001e-11,4.3620562e-13,2627.6917,128.0,10.0,0.0003,1.0,1.9369693e-10,245760,134148.0,50.0,-1.0000001,9.0,0.0,11791488,3.2741810564868024e-12,15728640,11791488,5625.015897908742,0.0,4096.0,245760,134148.0,729851717,0.0,0.16426109891924315,1.4855516417991317e-05,8.982318319960398e-05,9.252564751352573e-06,1.0004189519975924e-06,1.5654269734778776e-05,2.884710973540402e-05,8.645703911674918e-06,3.0566890404413465e-06,1.784394074083072e-05,4.138107517465495e-06,1.8649100516417298e-06,1.7793624831543355e-05,0.00016707806592020468,0.00727695579576545,5.42722136613752e-06,0.037582449071905596,0.01850861746121215,0.05371564762303965,0.046466340574787
1,208896,498.7041581541749,False,51,40149_00000,2025-05-17_14-59-14,1747461554,8.205684423446655,342.28978872299194,1464251,localhost.localdomain,10.139.239.36,342.28978872299194,51,5.286775803943268,1.7149784348519742e-05,5.286607717165113,0.6582375298368157,4.6152800946412595,0.0017144252813621702,0.0003722587789525278,4096,1,1.4070451805562523,1.0,2.3434289395344822e-05,192183,51.0,50.0,208896,0.00013909503468312323,0.1113309825951383,0.5025135451056153,0.5025135451056153,1,6.749450363057896e-05,4096,51.0,51.0,498.7041581541749,8,0,0,14.781818181818183,15.07272727272727,4096,0.00019608312897110482,5.8118137380153845e-05,51.0,208896,4096,208896,51.0,0.0,7.909205e-11,3.8972192e-13,2627.6917,128.0,10.0,0.0003,1.0,1.8406761e-10,245760,134148.0,51.0,-1.0000001,9.0,0.0,12037248,1.6370905282434012e-12,15728640,12037248,5633.023259805513,0.0,4096.0,245760,134148.0,745580357,0.0,0.16512133536786666,1.5043996933822356e-05,9.084838201232482e-05,9.364788827403719e-06,1.0178820625445045e-06,1.5860933722262432e-05,2.9175779066502805e-05,8.827115552454622e-06,3.094636603073289e-06,1.80695163229062e-05,4.197002020508219e-06,1.8898310923704766e-06,1.779191608784478e-05,0.0001670528378613391,0.007318410004458673,5.422550446455571e-06,0.037801916558504574,0.018536766664600964,0.0540530094050219,0.0466993942093886
1,212992,438.6452398584654,False,52,40149_00000,2025-05-17_14-59-24,1747461564,9.329854011535645,351.6196427345276,1464251,localhost.localdomain,10.139.239.36,351.6196427345276,52,5.327159026403268,1.709690673305688e-05,5.326990677462966,0.6622491904190877,4.651547503535485,0.001714765499284784,0.0003996719606220722,4096,1,1.4259884493578059,1.0,2.3752627960887383e-05,196279,51.0,51.0,212992,0.00013909503468312323,0.11171527307537778,0.502513274956124,0.502513274956124,1,6.705679355563642e-05,4096,51.0,51.0,438.6452398584654,8,0,0,34.26428571428572,18.264285714285712,4096,0.00019879741038880946,5.911160247623619e-05,51.0,212992,4096,212992,51.0,-1.1920929e-07,7.5212336e-11,3.505499e-13,2627.6912,128.0,10.0,0.0003,1.0,1.7537706e-10,245760,134148.0,52.0,-1.0000001,9.0,0.0,12283008,8.185452641217006e-13,15728640,12283008,5641.127172874558,0.0,4096.0,245760,134148.0,761308997,0.0,0.16601213867912093,1.5253245894685957e-05,9.200195214243142e-05,9.487423507283893e-06,1.0355808656851588e-06,1.6094344199949066e-05,2.954035361968616e-05,9.010597443144607e-06,3.1385604692909787e-06,1.832515917508102e-05,4.259340053210492e-06,1.919608425156241e-06,1.7790802546883964e-05,0.00016703393165290532,0.007360103401590619,5.417944126827321e-06,0.038028465535959614,0.01856820260018093,0.05440748217680733,0.04693513289964146
1,217088,485.17500107701017,False,53,40149_00000,2025-05-17_14-59-32,1747461572,8.433324575424194,360.0529673099518,1464251,localhost.localdomain,10.139.239.36,360.0529673099518,53,5.358171715809336,1.70325368476168e-05,5.358002998418482,0.6666540875951605,4.678052489779796,0.0017175968741858112,0.0004055687240906991,4096,1,1.4477616294589684,1.0,2.410483795957108e-05,200375,51.0,52.0,217088,0.00013909503468312323,0.1120813542985371,0.5025130791030552,0.5025130791030552,1,6.806315283448177e-05,4096,51.0,51.0,485.17500107701017,8,0,0,15.263636363636362,17.60909090909091,4096,0.00020146026779457936,5.993474932102395e-05,51.0,217088,4096,217088,51.0,0.0,7.168421e-11,3.1849097e-13,2627.6917,128.0,10.0,0.0003,1.0,1.6745709e-10,245760,134148.0,53.0,-1.0000001,9.0,0.0,12528768,4.092726320608503e-13,15728640,12528768,5649.324905356241,0.0,4096.0,245760,134148.0,777037637,0.0,0.1669187682030114,1.5478286987989718e-05,9.324839342887387e-05,9.614688342900027e-06,1.0503559129983735e-06,1.628598156456039e-05,2.9893849974357824e-05,9.165286994861037e-06,3.1791980339710178e-06,1.854300423406676e-05,4.318076780822749e-06,1.942852222836261e-06,1.7789645287934183e-05,0.0001670116223879204,0.007402182667782835,5.4132723846195e-06,0.038253399712616716,0.01860000225359106,0.054775487446313255,0.0471740129573675
1,221184,509.8894047851871,False,54,40149_00000,2025-05-17_14-59-40,1747461580,8.026044368743896,368.0790116786957,1464251,localhost.localdomain,10.139.239.36,368.0790116786957,54,5.38479117241124,1.6954380981890672e-05,5.3846222233042464,0.6689596384184608,4.702300421522195,0.001716706425258072,0.00035274902620585635,4096,1,1.4685146609296147,1.0,2.3815239579248887e-05,204471,51.0,53.0,221184,0.00013909503468312323,0.11244966442838128,0.5025129371134317,0.5025129371134317,1,6.617367060778011e-05,4096,51.0,51.0,509.8894047851871,8,0,0,10.508333333333335,15.199999999999996,4096,0.0001988948512680522,5.9019202575411156e-05,51.0,221184,4096,221184,51.0,-1.1920929e-07,6.84842e-11,2.8846668e-13,2627.6917,128.0,10.0,0.0003,1.0,1.6026178e-10,245760,134148.0,54.0,-1.0000001,9.0,0.0,12774528,2.0463631603042515e-13,15728640,12774528,5657.613770471004,0.0,4096.0,245760,134148.0,792766277,0.0,0.1678372582117575,1.5284500116322156e-05,9.21353630117731e-05,9.49879066495442e-06,1.0333847577665345e-06,1.6081207955258903e-05,2.9540006089720462e-05,8.994489345110349e-06,3.1403059926030514e-06,1.8311491612787725e-05,4.255186813071426e-06,1.915512931825139e-06,1.7788252885465396e-05,0.0001669885599213663,0.0074446074090076956,5.408525987667749e-06,0.038491650308684955,0.01863207139326278,0.055138786139211436,0.04741551523185983
1,225280,514.3517857106673,False,55,40149_00000,2025-05-17_14-59-48,1747461588,7.954503774642944,376.0335154533386,1464251,localhost.localdomain,10.139.239.36,376.0335154533386,55,5.410443931647533,1.6870696964378784e-05,5.410274802242052,0.6700908839441281,4.726729468917659,0.0017187148911839637,0.0003571246561477892,4096,1,1.4874788567657284,1.0,2.338465804022201e-05,208567,51.0,54.0,225280,0.00013909503468312323,0.11271662118905793,0.5025128341737467,0.5025128341737467,1,6.415408995625918e-05,4096,51.0,51.0,514.3517857106673,8,0,0,10.772727272727273,15.263636363636364,4096,0.00019503421370099266,5.754821206535681e-05,51.0,225280,4096,225280,51.0,-1.1920929e-07,6.5550856e-11,2.6427092e-13,2627.6914,128.0,10.0,0.0003,1.0,1.5365224e-10,245760,134148.0,55.0,-1.0000001,9.0,0.0,13020288,1.0231815801521257e-13,15728640,13020288,5665.991125792934,0.0,4096.0,245760,134148.0,808494917,0.0,0.16876772156110628,1.5004856858987193e-05,9.051787961338307e-05,9.312896408421487e-06,1.0077430834510584e-06,1.5756728816374838e-05,2.9008032996904184e-05,8.710811298218339e-06,3.0765637289550255e-06,1.795336323311165e-05,4.165683174687847e-06,1.8692125917198815e-06,1.7787044969148608e-05,0.00016696416834228696,0.007487261088944421,5.403709888114938e-06,0.038743547591961885,0.018664406453920805,0.05549728105081349,0.047659654023167124
1,229376,513.5975818073906,False,56,40149_00000,2025-05-17_14-59-56,1747461596,7.967848539352417,384.00136399269104,1464251,localhost.localdomain,10.139.239.36,384.00136399269104,56,5.435974333230438,1.679086028726446e-05,5.435804893379672,0.6732324749252023,4.749034261518481,0.0017183400518948888,0.0003538475575624034,4096,1,1.5050663403936928,1.0,2.3197239419377297e-05,212663,51.0,55.0,229376,0.00013909503468312323,0.1129110157546307,0.5025127595444994,0.5025127595444994,1,6.307902121317978e-05,4096,51.0,51.0,513.5975818073906,8,0,0,10.80909090909091,15.209090909090907,4096,0.00019348462918709956,5.696337506041082e-05,51.0,229376,4096,229376,51.0,-1.1920929e-07,6.286181e-11,2.4198455e-13,2627.6917,128.0,10.0,0.0003,1.0,1.4758449e-10,245760,134148.0,56.0,-1.0000001,9.0,0.0,13266048,5.1159079007606287e-14,15728640,13266048,5674.45437263138,0.0,4096.0,245760,134148.0,824223557,0.0,0.16969334026825306,1.4880782124105122e-05,8.984004656961483e-05,9.237847075016289e-06,9.975017149150555e-07,1.562372934491972e-05,2.8798320919798556e-05,8.598824820912838e-06,3.0511734947194803e-06,1.7805838558528618e-05,4.124885866900991e-06,1.8509603625843116e-06,1.7785621291650373e-05,0.0001669385988451167,0.00753027175293978,5.398821949965714e-06,0.03899187226134224,0.018696995938625584,0.05585125605057332,0.04790638196982118
1,233472,512.578908543541,False,57,40149_00000,2025-05-17_15-00-04,1747461604,7.9831702709198,391.98453426361084,1464251,localhost.localdomain,10.139.239.36,391.98453426361084,57,5.461404411147566,1.6696492407343108e-05,5.46123484058595,0.6747313190565434,4.772877166763025,0.001721420110676562,0.0003546794760040939,4096,1,1.521323877954988,1.0,2.2984870572829428e-05,216759,51.0,56.0,233472,0.00013909503468312323,0.11305530856715046,0.5025127054397625,0.5025127054397625,1,6.215228968340721e-05,4096,51.0,51.0,512.578908543541,8,0,0,10.950000000000001,15.266666666666666,4096,0.0001917907599178156,5.633248860532609e-05,51.0,233472,4096,233472,51.0,-1.1920929e-07,6.037592e-11,2.2361975e-13,2627.692,128.0,10.0,0.0003,1.0,1.4196415e-10,245760,134148.0,57.0,-1.0000001,9.0,0.0,13511808,2.5579539503803143e-14,15728640,13511808,5683.000955420476,0.0,4096.0,245760,134148.0,839952197,0.0,0.17062963582330154,1.4745557905529719e-05,8.91081776171395e-05,9.159790140593831e-06,9.869410849550015e-07,1.5478332589668012e-05,2.857762884636912e-05,8.470790201157074e-06,3.02326929370038e-06,1.7634204795722038e-05,4.08208445501067e-06,1.833867146960668e-06,1.7783940176876977e-05,0.00016691268391780023,0.007573485849448971,5.3938880964413196e-06,0.03923696333317639,0.018729845169894472,0.056216332416629926,0.0481554624171415
1,237568,510.95873068050287,False,58,40149_00000,2025-05-17_15-00-12,1747461612,8.008169412612915,399.99270367622375,1464251,localhost.localdomain,10.139.239.36,399.99270367622375,58,5.4868311592465835,1.6608177674695954e-05,5.4866612935803145,0.6766539585963933,4.7962922876948975,0.001720262410177898,0.0003615474452089984,4096,1,1.5366384990179904,1.0,2.296206217793589e-05,220855,51.0,57.0,237568,0.00013909503468312323,0.11317548497222177,0.5025126662148923,0.5025126662148923,1,6.179969577947282e-05,4096,51.0,51.0,510.95873068050287,8,0,0,10.272727272727273,15.245454545454542,4096,0.00019166535903072335,5.635011817989322e-05,51.0,237568,4096,237568,51.0,-1.1920929e-07,5.8088156e-11,2.0553211e-13,2627.6914,128.0,10.0,0.0003,1.0,1.3678558e-10,245760,134148.0,58.0,-1.0000001,9.0,0.0,13757568,1.2789769751901572e-14,15728640,13757568,5691.628361116529,0.0,4096.0,245760,134148.0,855680837,0.0,0.1715763273145298,1.4736809958048249e-05,8.902022698961086e-05,9.155602204349244e-06,9.871389745454896e-07,1.5468669405077856e-05,2.856408247424532e-05,8.48248936622308e-06,3.022381790636476e-06,1.763286833550355e-05,4.0874615273498036e-06,1.8325952215754398e-06,1.7781905716102403e-05,0.00016688547723281495,0.007617000024060188,5.388925834882084e-06,0.039478865739548195,0.01876293431264348,0.05659207680046627,0.04840690435501849
1,241664,516.3950709833276,False,59,40149_00000,2025-05-17_15-00-20,1747461620,7.924861192703247,407.917564868927,1464251,localhost.localdomain,10.139.239.36,407.917564868927,59,5.5111680644241785,1.6519236182651177e-05,5.510997998154475,0.6777734539906128,4.8194249621882435,0.0017203142259571904,0.00035619611662696116,4096,1,1.5510416133108085,1.0,2.2716856675976696e-05,224951,51.0,58.0,241664,0.00013909503468312323,0.11326115975887925,0.5025126377776328,0.5025126377776328,1,6.087616149863987e-05,4096,51.0,51.0,516.3950709833276,8,0,0,10.572727272727274,15.227272727272725,4096,0.00018957414437720848,5.5536836107546925e-05,51.0,241664,4096,241664,51.0,-1.1920929e-07,5.597939e-11,1.8938624e-13,2627.6914,128.0,10.0,0.0003,1.0,1.3200302e-10,245760,134148.0,59.0,-1.0000001,9.0,0.0,14003328,6.394884875950786e-15,15728640,14003328,5700.3341186031175,0.0,4096.0,245760,134148.0,871409477,0.0,0.17253341159905083,1.4574241626867338e-05,8.813433350128417e-05,9.056294886191824e-06,9.732611975855143e-07,1.5291487260610203e-05,2.827124583337994e-05,8.327019175239144e-06,2.984502523904063e-06,1.743056236432535e-05,4.03219426307369e-06,1.8067532717805208e-06,1.7779597356782285e-05,0.00016685729071139868,0.007660708388196298,5.383922222070838e-06,0.03971776153435002,0.018796259633822848,0.056978533068887886,0.04866060656929805
1,245760,507.8813347240407,False,60,40149_00000,2025-05-17_15-00-28,1747461628,8.059404134750366,415.97696900367737,1464251,localhost.localdomain,10.139.239.36,415.97696900367737,60,5.536587673770695,1.6436704520087878e-05,5.53641746532195,0.679596031280648,4.842959963256329,0.0017196807337311075,0.00035701037995750085,4096,1,1.5644908133663196,1.0,2.2725604247726812e-05,229047,51.0,59.0,245760,0.00013909503468312323,0.11331901798748818,0.5025126171611785,0.5025126171611785,1,6.058081876817462e-05,4096,51.0,51.0,507.8813347240407,8,0,0,10.341666666666667,15.249999999999998,4096,0.00018956266849766063,5.556799399217129e-05,51.0,245760,4096,245760,51.0,-1.1920929e-07,5.3989826e-11,1.7859707e-13,2627.6912,128.0,10.0,0.0003,1.0,1.2748497e-10,245760,134148.0,60.0,-1.0000001,9.0,0.0,14249088,3.197442437975393e-15,15728640,14249088,5709.115798103863,0.0,4096.0,245760,134148.0,887138117,0.0,0.17350061451994692,1.458280502003936e-05,8.808233147954665e-05,9.057205678596665e-06,9.744479071102212e-07,1.5302324175766363e-05,2.8279004392597666e-05,8.333584626642097e-06,2.9857937612397527e-06,1.743788762376994e-05,4.0339810136811995e-06,1.809668691912206e-06,1.777721107281867e-05,0.0001668292196709698,0.00770469185624551,5.3788745882132406e-06,0.039953608510688854,0.01882985648795061,0.05737538459766467,0.04891653535765032
1,249856,511.5172225656372,False,61,40149_00000,2025-05-17_15-00-36,1747461636,7.998016834259033,423.9749858379364,1464251,localhost.localdomain,10.139.239.36,423.9749858379364,61,5.561157385703184,1.6354998174150214e-05,5.560987005538861,0.6813031232970205,4.865733199044611,0.0017192223064664348,0.00035964310882263817,4096,1,1.5776158995383642,1.0,2.2709626228875388e-05,233143,51.0,60.0,249856,0.00013909503468312323,0.1133806269969971,0.5025126022146549,0.5025126022146549,1,6.042032710444926e-05,4096,51.0,51.0,511.5172225656372,8,0,0,10.327272727272728,15.218181818181817,4096,0.00018931829226882037,5.5517107543100514e-05,51.0,249856,4096,249856,51.0,-1.1920929e-07,5.2156515e-11,1.6439417e-13,2627.692,128.0,10.0,0.0003,1.0,1.233168e-10,245760,134148.0,61.0,-1.0000001,9.0,0.0,14494848,1.5987212189876965e-15,15728640,14494848,5717.971010602733,0.0,4096.0,245760,134148.0,902866757,0.0,0.17447735085656485,1.4568158726421777e-05,8.798663619138624e-05,9.042271717980272e-06,9.730603100550386e-07,1.5284215833876353e-05,2.8244447346394407e-05,8.329400687382758e-06,2.983718278858151e-06,1.7422085281155845e-05,4.029610918503048e-06,1.808899582569718e-06,1.7774595346203047e-05,0.00016680091502534926,0.007748818958104159,5.3738013107284864e-06,0.04018625480625568,0.018863685260238714,0.057782542644766156,0.049174523162983895
1,253952,510.6839210633394,False,62,40149_00000,2025-05-17_15-00-44,1747461644,8.013158082962036,431.98814392089844,1464251,localhost.localdomain,10.139.239.36,431.98814392089844,62,5.585635114685631,1.6295447820162804e-05,5.585464287413673,0.6832163070040115,4.88822553994448,0.00171754346345988,0.00035947750075138174,4096,1,1.5901043273109186,1.0,2.2718123418978662e-05,237239,51.0,61.0,253952,0.00013909503468312323,0.11347172942323235,0.5025125913787188,0.5025125913787188,1,6.127730977252026e-05,4096,51.0,51.0,510.6839210633394,8,0,0,10.183333333333335,15.258333333333333,4096,0.00018945177386972908,5.556582652175826e-05,51.0,253952,4096,253952,51.0,0.0,5.0447008e-11,1.5324432e-13,2627.6912,128.0,10.0,0.0003,1.0,1.1942372e-10,245760,134148.0,62.0,-1.0000001,9.0,0.0,14740608,7.993606094938482e-16,15728640,14740608,5726.897407271816,0.0,4096.0,245760,134148.0,918595397,0.0,0.17546342063259354,1.4578360974786183e-05,8.805896318169737e-05,9.043613996725053e-06,9.738969584789197e-07,1.5288984305422047e-05,2.825638248743347e-05,8.34534256170097e-06,2.983744543767139e-06,1.7440060989544028e-05,4.032909964426184e-06,1.8087367667667964e-06,1.7771948416832533e-05,0.0001667715366570698,0.007793146252944245,5.368711404985114e-06,0.04043172228016775,0.01889768322942791,0.05818387023016666,0.04943448076717132
1,258048,507.5187597659864,False,63,40149_00000,2025-05-17_15-00-52,1747461652,8.063080072402954,440.0512239933014,1464251,localhost.localdomain,10.139.239.36,440.0512239933014,63,5.610367717658951,1.621063363427785e-05,5.610196676969876,0.6853573967037638,4.910741925965564,0.0017170926788748634,0.0003586713137337938,4096,1,1.60196112783863,1.0,2.287942844547149e-05,241335,51.0,62.0,258048,0.00013909503468312323,0.11357082272424875,0.5025125835228784,0.5025125835228784,1,6.145096955737212e-05,4096,51.0,51.0,507.5187597659864,8,0,0,10.645454545454546,15.263636363636364,4096,0.00019089125450482558,5.608779297355191e-05,51.0,258048,4096,258048,51.0,-1.1920929e-07,4.8823338e-11,1.4551315e-13,2627.6914,128.0,10.0,0.0003,1.0,1.1572137e-10,245760,134148.0,63.0,-1.0000001,9.0,0.0,14986368,3.996803047469241e-16,15728640,14986368,5735.892678906456,0.0,4096.0,245760,134148.0,934324037,0.0,0.17645897801791402,1.4675608644932593e-05,8.866339123648134e-05,9.113288377909992e-06,9.837436955714074e-07,1.5408697206891194e-05,2.8445656863603515e-05,8.43808388281836e-06,3.008937981473513e-06,1.7569141438002394e-05,4.064547652636821e-06,1.8263971245108165e-06,1.7769434466106818e-05,0.0001667409666697335,0.007837693643096104,5.36360771321958e-06,0.0406899973203175,0.018931609199711843,0.05857975931178595,0.04969639755945619
1,262144,506.2353190255379,False,64,40149_00000,2025-05-17_15-01-00,1747461660,8.083997249603271,448.13522124290466,1464251,localhost.localdomain,10.139.239.36,448.13522124290466,64,5.635058550231755,1.61307875284912e-05,5.634887272710064,0.6895357850660151,4.931180833876591,0.0017175039022622822,0.00037018637158325873,4096,1,1.613612467545098,1.0,2.2866079273690386e-05,245431,51.0,63.0,262144,0.00013909503468312323,0.11370326261131108,0.5025125778275485,0.5025125778275485,1,7.625549536190974e-05,4096,51.0,51.0,506.2353190255379,8,0,0,10.863636363636363,15.236363636363638,4096,0.0001909836010444588,5.6081197136030956e-05,51.0,262144,4096,262144,51.0,-1.1920929e-07,4.73135e-11,1.351755e-13,2627.6914,128.0,10.0,0.0003,1.0,1.1227541e-10,245760,134148.0,64.0,-1.0000001,9.0,0.0,15232128,1.9984015237346206e-16,15728640,15232128,5744.954555367677,0.0,4096.0,245760,134148.0,950052677,0.0,0.17744708517316388,1.4680418333089388e-05,8.874043993558906e-05,9.11664336304949e-06,9.832149145050102e-07,1.5404987217069367e-05,2.8466264318115014e-05,8.428199250318311e-06,3.0117255021393444e-06,1.7577565126388487e-05,4.067001653426152e-06,1.8252577053118194e-06,1.776719739828088e-05,0.00016670953233642862,0.007882386938921135,5.358468028116841e-06,0.04094452021353641,0.018965545937574588,0.05896994318354949,0.04996014358422338
1,266240,508.32277897509704,False,65,40149_00000,2025-05-17_15-01-08,1747461668,8.051585912704468,456.18680715560913,1464251,localhost.localdomain,10.139.239.36,456.18680715560913,65,5.659164230649512,1.605323931310755e-05,5.658992766853653,0.6915250924852252,4.953240999947383,0.0017175466241452827,0.00036628864108934067,4096,1,1.6248888268631476,1.0,2.2908984498815138e-05,249527,51.0,64.0,266240,0.00013909503468312323,0.1138096021883093,0.5025125736985467,0.5025125736985467,1,7.277253954381644e-05,4096,51.0,51.0,508.32277897509704,8,0,0,10.6,15.216666666666663,4096,0.00019139054503157824,5.622296800963566e-05,51.0,266240,4096,266240,51.0,-1.1920929e-07,4.5920535e-11,1.2466283e-13,2627.6914,128.0,10.0,0.0003,1.0,1.09091416e-10,245760,134148.0,65.0,-1.0000001,9.0,0.0,15477888,9.992007618673103e-17,15728640,15477888,5754.080805031783,0.0,4096.0,245760,134148.0,965781317,0.0,0.17844330674921047,1.4712369626346765e-05,8.888131621623057e-05,9.139798284359275e-06,9.873908223837837e-07,1.5451524553643525e-05,2.8531087122094483e-05,8.447279165098021e-06,3.018155948474606e-06,1.761082383351405e-05,4.0737805336707055e-06,1.8309526495073035e-06,1.7764783029610825e-05,0.0001666777128869888,0.007927219994770618,5.353278480845576e-06,0.04119567129285601,0.018999757421959546,0.05936949049024983,0.05022560432253813
1,270336,508.34472311941204,False,66,40149_00000,2025-05-17_15-01-16,1747461676,8.050467252731323,464.23727440834045,1464251,localhost.localdomain,10.139.239.36,464.23727440834045,66,5.683014579693397,1.5985777477317454e-05,5.682842805054417,0.6934937227602451,4.975064570268277,0.0017175499580936973,0.0003544406827131752,4096,1,1.635703223861617,1.0,2.276725306746114e-05,253623,51.0,65.0,270336,0.00013909503468312323,0.11388416335398734,0.5025125707051012,0.5025125707051012,1,7.198165303941307e-05,4096,51.0,51.0,508.34472311941204,8,0,0,10.336363636363636,15.199999999999996,4096,0.00019005292965959607,5.571527714473732e-05,51.0,270336,4096,270336,51.0,-1.1920929e-07,4.4588343e-11,1.1921379e-13,2627.6917,128.0,10.0,0.0003,1.0,1.0604253e-10,245760,134148.0,66.0,-1.0000001,9.0,0.0,15723648,4.9960038093365514e-17,15728640,15723648,5763.26923424707,0.0,4096.0,245760,134148.0,981509957,0.0,0.17944725123731467,1.4614629663848044e-05,8.830301515356147e-05,9.084660943851075e-06,9.797765868599541e-07,1.5339541912953584e-05,2.8347776845173152e-05,8.358451493424136e-06,2.992623781645778e-06,1.74881253387007e-05,4.0385878037904745e-06,1.8130115525823386e-06,1.7762056933191787e-05,0.0001666451344727391,0.007972229020415245,5.348031583713289e-06,0.04144327699256782,0.019034078257971827,0.05977830714879958,0.05049277052151806
